geoid,name,B19013001,"B19013001, Error"
04000US12,Florida,55660,220
86000US32003,"32003",94154,13447
86000US32008,"32008",33663,6751
86000US32009,"32009",68929,10413
86000US32011,"32011",63772,5213
86000US32024,"32024",56830,6781
86000US32025,"32025",45114,4672
86000US32026,"32026",,
86000US32033,"32033",59375,11339
86000US32034,"32034",74668,6139
86000US32038,"32038",39879,3887
86000US32040,"32040",52528,13951
86000US32043,"32043",67661,5063
86000US32044,"32044",44555,6972
86000US32046,"32046",60649,4626
86000US32052,"32052",42738,6609
86000US32053,"32053",36250,15151
86000US32054,"32054",42851,4304
86000US32055,"32055",40000,3423
86000US32058,"32058",41552,9624
86000US32059,"32059",43321,8565
86000US32060,"32060",49731,5503
86000US32061,"32061",85375,48506
86000US32062,"32062",56683,13743
86000US32063,"32063",67009,7629
86000US32064,"32064",47859,9197
86000US32065,"32065",69923,5011
86000US32066,"32066",49953,6679
86000US32068,"32068",63486,3360
86000US32071,"32071",37424,12507
86000US32072,"32072",88516,49435
86000US32073,"32073",60088,3239
86000US32079,"32079",41685,15628
86000US32080,"32080",75719,4467
86000US32081,"32081",119105,15198
86000US32082,"32082",111853,7403
86000US32083,"32083",53966,11387
86000US32084,"32084",52592,3290
86000US32086,"32086",56069,3624
86000US32087,"32087",65345,15201
86000US32091,"32091",42036,4793
86000US32092,"32092",90055,7399
86000US32094,"32094",52500,30028
86000US32095,"32095",75016,20700
86000US32096,"32096",40820,3779
86000US32097,"32097",70263,7428
86000US32102,"32102",41250,8519
86000US32110,"32110",35609,7944
86000US32112,"32112",35722,3568
86000US32113,"32113",36787,5423
86000US32114,"32114",29220,3367
86000US32117,"32117",36915,3112
86000US32118,"32118",44200,4640
86000US32119,"32119",40018,1817
86000US32124,"32124",64757,10331
86000US32127,"32127",51178,2864
86000US32128,"32128",73890,11615
86000US32129,"32129",45208,3096
86000US32130,"32130",50219,4909
86000US32131,"32131",41431,9188
86000US32132,"32132",46016,4070
86000US32133,"32133",,
86000US32134,"32134",35087,5145
86000US32136,"32136",51734,3972
86000US32137,"32137",60637,4754
86000US32139,"32139",31438,9278
86000US32140,"32140",49219,18170
86000US32141,"32141",52150,4364
86000US32145,"32145",43153,5471
86000US32147,"32147",,
86000US32148,"32148",34563,3176
86000US32157,"32157",48500,28061
86000US32159,"32159",45576,2459
86000US32162,"32162",63877,2624
86000US32164,"32164",53213,2599
86000US32168,"32168",54300,2746
86000US32169,"32169",69214,5809
86000US32174,"32174",54513,2814
86000US32176,"32176",48153,4133
86000US32177,"32177",36592,5076
86000US32179,"32179",34338,7538
86000US32180,"32180",49063,7910
86000US32181,"32181",37011,10299
86000US32187,"32187",36509,9577
86000US32189,"32189",35860,6096
86000US32190,"32190",43611,18741
86000US32193,"32193",42083,29812
86000US32195,"32195",40164,11216
86000US32202,"32202",33967,12640
86000US32204,"32204",45375,4412
86000US32205,"32205",46649,2258
86000US32206,"32206",28952,3697
86000US32207,"32207",50465,2498
86000US32208,"32208",34565,3431
86000US32209,"32209",25499,1940
86000US32210,"32210",47047,2335
86000US32211,"32211",43699,2252
86000US32212,"32212",36827,15602
86000US32216,"32216",53988,3538
86000US32217,"32217",46313,5051
86000US32218,"32218",57383,5651
86000US32219,"32219",49910,6681
86000US32220,"32220",57405,10880
86000US32221,"32221",63900,4359
86000US32222,"32222",63707,6394
86000US32223,"32223",84905,5937
86000US32224,"32224",78639,4639
86000US32225,"32225",75758,3988
86000US32226,"32226",81396,7756
86000US32227,"32227",59896,10448
86000US32228,"32228",,
86000US32233,"32233",63328,2847
86000US32234,"32234",59349,7377
86000US32244,"32244",54778,3542
86000US32246,"32246",60038,3483
86000US32250,"32250",88794,6767
86000US32254,"32254",33167,3227
86000US32256,"32256",63779,2744
86000US32257,"32257",61036,3064
86000US32258,"32258",81632,6678
86000US32259,"32259",118479,4917
86000US32266,"32266",90037,12840
86000US32277,"32277",51188,3950
86000US32301,"32301",45235,2859
86000US32303,"32303",50726,2101
86000US32304,"32304",23638,1762
86000US32305,"32305",40701,3057
86000US32308,"32308",65949,6070
86000US32309,"32309",80902,4067
86000US32310,"32310",36127,4435
86000US32311,"32311",74244,5954
86000US32312,"32312",100360,5523
86000US32317,"32317",88306,6628
86000US32320,"32320",49292,6988
86000US32321,"32321",35822,4478
86000US32322,"32322",38533,7034
86000US32323,"32323",,
86000US32324,"32324",33505,8910
86000US32327,"32327",64308,4038
86000US32328,"32328",45625,5667
86000US32330,"32330",34836,13547
86000US32331,"32331",38990,4219
86000US32332,"32332",26094,7685
86000US32333,"32333",48340,5506
86000US32334,"32334",39596,6556
86000US32336,"32336",36500,13423
86000US32340,"32340",34629,5050
86000US32343,"32343",59625,19156
86000US32344,"32344",43880,7013
86000US32346,"32346",48669,14145
86000US32347,"32347",49397,10034
86000US32348,"32348",36425,8164
86000US32350,"32350",39255,11264
86000US32351,"32351",37467,2749
86000US32352,"32352",47019,7596
86000US32355,"32355",35833,24461
86000US32356,"32356",,
86000US32358,"32358",54797,10129
86000US32359,"32359",33667,16096
86000US32361,"32361",58458,32979
86000US32399,"32399",,
86000US32401,"32401",39447,4365
86000US32403,"32403",64132,7574
86000US32404,"32404",53662,2605
86000US32405,"32405",50749,3693
86000US32407,"32407",63022,2630
86000US32408,"32408",57643,6114
86000US32409,"32409",60269,6547
86000US32410,"32410",63523,17875
86000US32413,"32413",67103,5726
86000US32420,"32420",32353,9787
86000US32421,"32421",36857,6245
86000US32423,"32423",65288,17909
86000US32424,"32424",38447,6251
86000US32425,"32425",37296,3589
86000US32426,"32426",30341,2911
86000US32427,"32427",31227,7757
86000US32428,"32428",38308,3518
86000US32430,"32430",40357,15308
86000US32431,"32431",43393,6298
86000US32432,"32432",,
86000US32433,"32433",40737,5528
86000US32435,"32435",44150,6691
86000US32437,"32437",26250,10908
86000US32438,"32438",30380,6999
86000US32439,"32439",54901,8023
86000US32440,"32440",44080,4383
86000US32442,"32442",36111,11724
86000US32443,"32443",39716,10929
86000US32444,"32444",72021,5190
86000US32445,"32445",34638,4372
86000US32446,"32446",49087,6240
86000US32447,"32447",,
86000US32448,"32448",27059,3146
86000US32449,"32449",51898,6960
86000US32455,"32455",44688,11321
86000US32456,"32456",53713,5416
86000US32459,"32459",81766,6338
86000US32460,"32460",39564,6470
86000US32461,"32461",,
86000US32462,"32462",38542,11694
86000US32463,"32463",44167,27952
86000US32464,"32464",43010,6577
86000US32465,"32465",39939,6680
86000US32466,"32466",56033,4891
86000US32501,"32501",29422,2577
86000US32502,"32502",53306,9125
86000US32503,"32503",50032,3465
86000US32504,"32504",52824,6021
86000US32505,"32505",37789,2365
86000US32506,"32506",50275,2495
86000US32507,"32507",48939,4846
86000US32508,"32508",44107,10190
86000US32509,"32509",,
86000US32511,"32511",,
86000US32514,"32514",49889,3303
86000US32526,"32526",60007,3134
86000US32530,"32530",,
86000US32531,"32531",57424,12447
86000US32533,"32533",75173,5264
86000US32534,"32534",50407,3933
86000US32535,"32535",42663,9589
86000US32536,"32536",70651,7932
86000US32539,"32539",59712,4809
86000US32541,"32541",80469,5562
86000US32542,"32542",45391,6690
86000US32544,"32544",38750,20056
86000US32547,"32547",52714,2017
86000US32548,"32548",54776,3421
86000US32550,"32550",69410,11416
86000US32561,"32561",102517,13533
86000US32563,"32563",72045,6224
86000US32564,"32564",72143,27435
86000US32565,"32565",51324,8989
86000US32566,"32566",77584,8007
86000US32567,"32567",46950,11258
86000US32568,"32568",53486,8830
86000US32569,"32569",61551,7051
86000US32570,"32570",57981,3423
86000US32571,"32571",72496,3694
86000US32577,"32577",56543,10345
86000US32578,"32578",85497,5127
86000US32579,"32579",76639,5040
86000US32580,"32580",64009,17908
86000US32583,"32583",60805,4701
86000US32601,"32601",25673,1952
86000US32603,"32603",20660,4525
86000US32605,"32605",69707,4839
86000US32606,"32606",69974,6581
86000US32607,"32607",39905,4236
86000US32608,"32608",45887,3994
86000US32609,"32609",34826,4746
86000US32612,"32612",,
86000US32615,"32615",63043,6185
86000US32616,"32616",26528,21921
86000US32617,"32617",44701,9044
86000US32618,"32618",54219,6412
86000US32619,"32619",44328,2400
86000US32621,"32621",36389,5059
86000US32622,"32622",43400,19551
86000US32625,"32625",40563,12284
86000US32626,"32626",35572,3135
86000US32628,"32628",39263,6050
86000US32631,"32631",65449,11821
86000US32639,"32639",38011,27096
86000US32640,"32640",47103,4176
86000US32641,"32641",37540,2799
86000US32643,"32643",56171,5084
86000US32648,"32648",61442,26193
86000US32653,"32653",66471,5896
86000US32656,"32656",50063,5080
86000US32658,"32658",51875,29434
86000US32664,"32664",51875,14051
86000US32666,"32666",47457,7026
86000US32667,"32667",58892,8179
86000US32668,"32668",41438,8919
86000US32669,"32669",70356,6460
86000US32680,"32680",38496,3245
86000US32681,"32681",,
86000US32683,"32683",,
86000US32686,"32686",35910,7317
86000US32692,"32692",,
86000US32693,"32693",38060,2913
86000US32694,"32694",47917,10856
86000US32696,"32696",45457,4672
86000US32697,"32697",38036,27415
86000US32701,"32701",55137,3169
86000US32702,"32702",44470,7988
86000US32703,"32703",51257,2020
86000US32707,"32707",54941,2625
86000US32708,"32708",70469,3424
86000US32709,"32709",54911,21334
86000US32712,"32712",79252,5512
86000US32713,"32713",63594,8852
86000US32714,"32714",52626,2706
86000US32720,"32720",49195,4917
86000US32724,"32724",49722,2176
86000US32725,"32725",52577,2897
86000US32726,"32726",45405,3585
86000US32730,"32730",45288,6996
86000US32732,"32732",79087,27401
86000US32735,"32735",57680,7179
86000US32736,"32736",79327,12758
86000US32738,"32738",53961,2745
86000US32744,"32744",46307,4922
86000US32746,"32746",87581,4542
86000US32750,"32750",71585,5018
86000US32751,"32751",76108,5847
86000US32754,"32754",54336,4624
86000US32757,"32757",57106,4020
86000US32759,"32759",42500,7485
86000US32763,"32763",45590,4724
86000US32764,"32764",72148,14746
86000US32765,"32765",81459,2823
86000US32766,"32766",113471,12495
86000US32767,"32767",47869,15155
86000US32771,"32771",61983,5051
86000US32773,"32773",46353,3628
86000US32776,"32776",74113,13686
86000US32778,"32778",48441,3831
86000US32779,"32779",93635,3860
86000US32780,"32780",51632,3443
86000US32784,"32784",51519,3923
86000US32789,"32789",79759,7118
86000US32792,"32792",52220,2297
86000US32796,"32796",49165,4455
86000US32798,"32798",48086,5949
86000US32801,"32801",57266,8294
86000US32803,"32803",75474,4836
86000US32804,"32804",79707,7445
86000US32805,"32805",27530,3109
86000US32806,"32806",65987,4187
86000US32807,"32807",45989,2562
86000US32808,"32808",36913,2269
86000US32809,"32809",44479,3159
86000US32810,"32810",51355,4016
86000US32811,"32811",38768,2712
86000US32812,"32812",55131,3244
86000US32814,"32814",94581,17353
86000US32817,"32817",62421,4355
86000US32818,"32818",45795,2974
86000US32819,"32819",73088,5605
86000US32820,"32820",95089,6184
86000US32821,"32821",55965,3658
86000US32822,"32822",41350,1560
86000US32824,"32824",67303,6027
86000US32825,"32825",61236,4256
86000US32826,"32826",47462,4014
86000US32827,"32827",83125,11143
86000US32828,"32828",77284,5086
86000US32829,"32829",75563,7732
86000US32830,"32830",,
86000US32831,"32831",38875,4634
86000US32832,"32832",89673,10117
86000US32833,"32833",67554,10383
86000US32835,"32835",56927,2232
86000US32836,"32836",102714,14460
86000US32837,"32837",63339,2735
86000US32839,"32839",39993,2685
86000US32901,"32901",39809,3536
86000US32903,"32903",80181,7637
86000US32904,"32904",66086,4526
86000US32905,"32905",40583,4945
86000US32907,"32907",54951,2087
86000US32908,"32908",57816,13072
86000US32909,"32909",51226,1652
86000US32920,"32920",55156,5825
86000US32922,"32922",31850,4505
86000US32925,"32925",56591,12222
86000US32926,"32926",51896,3310
86000US32927,"32927",61633,6067
86000US32931,"32931",59874,5444
86000US32934,"32934",71891,6009
86000US32935,"32935",49611,3353
86000US32937,"32937",73702,6417
86000US32940,"32940",71812,8021
86000US32948,"32948",39852,10708
86000US32949,"32949",71094,18894
86000US32950,"32950",68425,8539
86000US32951,"32951",74143,5969
86000US32952,"32952",75256,2575
86000US32953,"32953",62310,3150
86000US32955,"32955",73167,3678
86000US32958,"32958",53607,3347
86000US32960,"32960",40529,3035
86000US32962,"32962",48841,2979
86000US32963,"32963",112755,16495
86000US32966,"32966",50172,3505
86000US32967,"32967",51625,5243
86000US32968,"32968",78948,4777
86000US32970,"32970",13375,5711
86000US32976,"32976",37577,3314
86000US33001,"33001",50216,11514
86000US33004,"33004",42469,7707
86000US33009,"33009",38665,1880
86000US33010,"33010",30000,2292
86000US33012,"33012",31320,1548
86000US33013,"33013",36280,2578
86000US33014,"33014",42700,2924
86000US33015,"33015",53046,2252
86000US33016,"33016",49526,3721
86000US33018,"33018",66889,4409
86000US33019,"33019",80000,8200
86000US33020,"33020",43494,3115
86000US33021,"33021",60289,3133
86000US33023,"33023",52783,1647
86000US33024,"33024",61470,2485
86000US33025,"33025",58483,3778
86000US33026,"33026",80232,5416
86000US33027,"33027",63414,6782
86000US33028,"33028",104271,4409
86000US33029,"33029",113082,7159
86000US33030,"33030",39925,3584
86000US33031,"33031",78547,13762
86000US33032,"33032",54420,4101
86000US33033,"33033",49485,3129
86000US33034,"33034",35529,4380
86000US33035,"33035",70608,3893
86000US33036,"33036",83261,4629
86000US33037,"33037",67917,6585
86000US33039,"33039",72500,34982
86000US33040,"33040",69702,2785
86000US33042,"33042",86739,9249
86000US33043,"33043",58571,17077
86000US33050,"33050",57537,6321
86000US33051,"33051",100192,30852
86000US33054,"33054",26919,3112
86000US33055,"33055",45306,2471
86000US33056,"33056",41769,3229
86000US33060,"33060",44647,2956
86000US33062,"33062",64812,4244
86000US33063,"33063",46450,2269
86000US33064,"33064",53238,2170
86000US33065,"33065",55686,3169
86000US33066,"33066",50674,4051
86000US33067,"33067",103337,9234
86000US33068,"33068",45613,2993
86000US33069,"33069",49732,3688
86000US33070,"33070",73676,12817
86000US33071,"33071",91999,4758
86000US33073,"33073",77158,3439
86000US33076,"33076",136343,8587
86000US33101,"33101",,
86000US33109,"33109",200577,163248
86000US33122,"33122",52321,50091
86000US33125,"33125",27544,2122
86000US33126,"33126",37241,2818
86000US33127,"33127",30633,1354
86000US33128,"33128",19482,2782
86000US33129,"33129",78105,10170
86000US33130,"33130",34937,4906
86000US33131,"33131",101248,3174
86000US33132,"33132",80577,7335
86000US33133,"33133",66683,4814
86000US33134,"33134",68868,4430
86000US33135,"33135",27857,1953
86000US33136,"33136",26336,2553
86000US33137,"33137",63650,3433
86000US33138,"33138",51262,4301
86000US33139,"33139",53327,3766
86000US33140,"33140",76960,7685
86000US33141,"33141",49861,3320
86000US33142,"33142",26424,1753
86000US33143,"33143",67042,5856
86000US33144,"33144",48632,4245
86000US33145,"33145",54288,5900
86000US33146,"33146",117500,25966
86000US33147,"33147",32808,2692
86000US33149,"33149",151190,19494
86000US33150,"33150",29782,3251
86000US33154,"33154",76690,6732
86000US33155,"33155",68699,6463
86000US33156,"33156",117491,12921
86000US33157,"33157",65099,3557
86000US33158,"33158",170673,19593
86000US33160,"33160",51790,2594
86000US33161,"33161",40093,2924
86000US33162,"33162",45080,2580
86000US33165,"33165",53998,3854
86000US33166,"33166",54362,4241
86000US33167,"33167",37474,5960
86000US33168,"33168",48894,2577
86000US33169,"33169",45711,2656
86000US33170,"33170",45929,8196
86000US33172,"33172",50139,2912
86000US33173,"33173",68382,6071
86000US33174,"33174",51442,4611
86000US33175,"33175",58945,3783
86000US33176,"33176",72998,4724
86000US33177,"33177",61033,3245
86000US33178,"33178",79707,4629
86000US33179,"33179",49016,2519
86000US33180,"33180",74091,6511
86000US33181,"33181",46139,4315
86000US33182,"33182",80213,9606
86000US33183,"33183",59797,3945
86000US33184,"33184",53480,8873
86000US33185,"33185",89327,3889
86000US33186,"33186",70529,2800
86000US33187,"33187",80629,8674
86000US33189,"33189",58190,4412
86000US33190,"33190",64332,6691
86000US33193,"33193",63337,3351
86000US33194,"33194",118125,6056
86000US33196,"33196",76787,3934
86000US33301,"33301",99382,8208
86000US33304,"33304",58290,4855
86000US33305,"33305",74095,6052
86000US33306,"33306",71357,23008
86000US33308,"33308",64792,3876
86000US33309,"33309",55134,3878
86000US33311,"33311",36649,1687
86000US33312,"33312",58144,4173
86000US33313,"33313",38201,2515
86000US33314,"33314",51635,4022
86000US33315,"33315",76507,3944
86000US33316,"33316",67477,8009
86000US33317,"33317",67878,5330
86000US33319,"33319",44993,2758
86000US33321,"33321",49784,3808
86000US33322,"33322",48179,4001
86000US33323,"33323",88946,6050
86000US33324,"33324",70461,4249
86000US33325,"33325",82805,7515
86000US33326,"33326",93197,6844
86000US33327,"33327",117906,20275
86000US33328,"33328",92227,5415
86000US33330,"33330",130208,19459
86000US33331,"33331",125608,5373
86000US33332,"33332",139984,14750
86000US33334,"33334",52303,5560
86000US33351,"33351",60848,6825
86000US33401,"33401",50824,3743
86000US33403,"33403",58371,5323
86000US33404,"33404",44165,2154
86000US33405,"33405",55000,5778
86000US33406,"33406",62785,4722
86000US33407,"33407",45093,3950
86000US33408,"33408",76030,6693
86000US33409,"33409",49641,2698
86000US33410,"33410",76371,5008
86000US33411,"33411",75019,3486
86000US33412,"33412",101196,13923
86000US33413,"33413",64714,7005
86000US33414,"33414",86553,3827
86000US33415,"33415",43567,2159
86000US33417,"33417",37924,2075
86000US33418,"33418",96311,5783
86000US33426,"33426",61239,3605
86000US33428,"33428",71239,5752
86000US33430,"33430",24615,3399
86000US33431,"33431",81381,7339
86000US33432,"33432",77250,5920
86000US33433,"33433",63774,3269
86000US33434,"33434",60457,4794
86000US33435,"33435",52210,4281
86000US33436,"33436",60422,3581
86000US33437,"33437",64612,3822
86000US33438,"33438",58750,26949
86000US33440,"33440",40883,3127
86000US33441,"33441",48778,2460
86000US33442,"33442",49599,2405
86000US33444,"33444",56722,5804
86000US33445,"33445",55274,2588
86000US33446,"33446",57383,5052
86000US33449,"33449",124107,14874
86000US33455,"33455",56987,5917
86000US33458,"33458",85811,5941
86000US33460,"33460",42329,4261
86000US33461,"33461",44107,1742
86000US33462,"33462",53428,2701
86000US33463,"33463",54417,2490
86000US33467,"33467",71821,3126
86000US33469,"33469",82443,7209
86000US33470,"33470",85648,7201
86000US33471,"33471",40074,3905
86000US33472,"33472",76543,5034
86000US33473,"33473",145245,19561
86000US33476,"33476",22199,3917
86000US33477,"33477",81883,8503
86000US33478,"33478",109847,6854
86000US33480,"33480",116901,16973
86000US33483,"33483",90280,7136
86000US33484,"33484",45200,1941
86000US33486,"33486",80970,11315
86000US33487,"33487",76786,8610
86000US33493,"33493",31850,7288
86000US33496,"33496",94816,8537
86000US33498,"33498",107242,8880
86000US33503,"33503",,
86000US33510,"33510",59061,3935
86000US33511,"33511",59862,3021
86000US33513,"33513",39758,3841
86000US33514,"33514",40994,13109
86000US33521,"33521",31167,9356
86000US33523,"33523",48365,2928
86000US33525,"33525",55103,2799
86000US33527,"33527",62171,4548
86000US33534,"33534",54125,9127
86000US33538,"33538",36953,2864
86000US33540,"33540",35812,2865
86000US33541,"33541",41681,2995
86000US33542,"33542",35095,2614
86000US33543,"33543",85855,4977
86000US33544,"33544",84122,4349
86000US33545,"33545",81687,4274
86000US33547,"33547",107489,7059
86000US33548,"33548",111841,8295
86000US33549,"33549",73251,4181
86000US33556,"33556",103983,5721
86000US33558,"33558",82928,4619
86000US33559,"33559",68895,7951
86000US33563,"33563",46554,3389
86000US33565,"33565",53606,4732
86000US33566,"33566",65064,5123
86000US33567,"33567",60170,6683
86000US33569,"33569",70583,5242
86000US33570,"33570",51429,3897
86000US33572,"33572",88654,5178
86000US33573,"33573",48644,2808
86000US33576,"33576",63433,6520
86000US33578,"33578",64181,3186
86000US33579,"33579",85033,3663
86000US33584,"33584",62004,6582
86000US33585,"33585",51326,16739
86000US33592,"33592",42308,5607
86000US33594,"33594",64854,2634
86000US33596,"33596",98993,5987
86000US33597,"33597",45335,7511
86000US33598,"33598",66961,3925
86000US33602,"33602",72824,5497
86000US33603,"33603",48197,3851
86000US33604,"33604",43094,3262
86000US33605,"33605",25855,2738
86000US33606,"33606",80878,6197
86000US33607,"33607",44806,3206
86000US33609,"33609",71225,7774
86000US33610,"33610",36742,1812
86000US33611,"33611",67421,7435
86000US33612,"33612",32200,1751
86000US33613,"33613",34932,2863
86000US33614,"33614",41954,1925
86000US33615,"33615",51672,2111
86000US33616,"33616",63074,3767
86000US33617,"33617",39700,2135
86000US33618,"33618",70605,2819
86000US33619,"33619",44085,2295
86000US33620,"33620",,
86000US33621,"33621",72428,6169
86000US33624,"33624",69910,4628
86000US33625,"33625",68634,4718
86000US33626,"33626",107269,7358
86000US33629,"33629",128248,6977
86000US33634,"33634",57423,4915
86000US33635,"33635",63899,6075
86000US33637,"33637",52004,4321
86000US33647,"33647",88649,4455
86000US33701,"33701",39251,2533
86000US33702,"33702",53243,4129
86000US33703,"33703",77953,9523
86000US33704,"33704",83031,6106
86000US33705,"33705",50637,2930
86000US33706,"33706",75636,4912
86000US33707,"33707",51279,2641
86000US33708,"33708",62924,2450
86000US33709,"33709",42111,2103
86000US33710,"33710",60463,3307
86000US33711,"33711",46628,3590
86000US33712,"33712",47690,2929
86000US33713,"33713",56999,4458
86000US33714,"33714",38245,2575
86000US33715,"33715",91386,5242
86000US33716,"33716",56867,4757
86000US33744,"33744",,
86000US33755,"33755",39406,3876
86000US33756,"33756",44271,3426
86000US33759,"33759",52344,3471
86000US33760,"33760",52465,4611
86000US33761,"33761",54151,5144
86000US33762,"33762",68411,6354
86000US33763,"33763",44790,3111
86000US33764,"33764",52760,3142
86000US33765,"33765",46297,3567
86000US33767,"33767",83770,13275
86000US33770,"33770",46355,4060
86000US33771,"33771",42528,3336
86000US33772,"33772",55200,5365
86000US33773,"33773",52884,3733
86000US33774,"33774",55394,3973
86000US33776,"33776",80703,5906
86000US33777,"33777",65207,7270
86000US33778,"33778",50150,3517
86000US33781,"33781",42936,4152
86000US33782,"33782",54063,6118
86000US33785,"33785",72222,6158
86000US33786,"33786",85500,17940
86000US33801,"33801",36031,2751
86000US33803,"33803",52832,1949
86000US33805,"33805",34525,2751
86000US33809,"33809",54465,3656
86000US33810,"33810",58285,3412
86000US33811,"33811",62678,2819
86000US33812,"33812",79688,5960
86000US33813,"33813",83521,4081
86000US33815,"33815",32193,3053
86000US33823,"33823",50309,3087
86000US33825,"33825",38579,3150
86000US33827,"33827",62631,12005
86000US33830,"33830",51083,4261
86000US33834,"33834",48471,5840
86000US33837,"33837",57337,4617
86000US33838,"33838",38899,10937
86000US33839,"33839",50335,7859
86000US33841,"33841",43653,4674
86000US33843,"33843",42668,2936
86000US33844,"33844",41883,3404
86000US33847,"33847",65750,30886
86000US33848,"33848",55750,38098
86000US33849,"33849",45640,15841
86000US33850,"33850",48341,4437
86000US33851,"33851",48519,5772
86000US33852,"33852",39421,4032
86000US33853,"33853",37689,3002
86000US33854,"33854",33750,25765
86000US33855,"33855",,
86000US33856,"33856",27986,9933
86000US33857,"33857",28546,11467
86000US33859,"33859",43688,3515
86000US33860,"33860",51904,2999
86000US33865,"33865",57917,54088
86000US33867,"33867",39038,24051
86000US33868,"33868",51250,5399
86000US33870,"33870",32364,2590
86000US33872,"33872",46574,3365
86000US33873,"33873",37766,4001
86000US33875,"33875",54054,2835
86000US33876,"33876",51088,8898
86000US33877,"33877",,
86000US33880,"33880",44239,2983
86000US33881,"33881",40897,3680
86000US33884,"33884",60298,3338
86000US33890,"33890",36082,4693
86000US33896,"33896",63958,4717
86000US33897,"33897",60430,5561
86000US33898,"33898",45193,2592
86000US33901,"33901",38112,2588
86000US33903,"33903",43870,3268
86000US33904,"33904",51861,2928
86000US33905,"33905",51634,2542
86000US33907,"33907",42530,4320
86000US33908,"33908",59596,2179
86000US33909,"33909",60105,6389
86000US33912,"33912",77333,4418
86000US33913,"33913",85268,6375
86000US33914,"33914",65381,5151
86000US33916,"33916",36349,1809
86000US33917,"33917",49671,2709
86000US33919,"33919",56932,2197
86000US33920,"33920",78377,4808
86000US33921,"33921",101250,12296
86000US33922,"33922",47143,5269
86000US33924,"33924",,
86000US33928,"33928",79078,2968
86000US33930,"33930",52713,27870
86000US33931,"33931",64738,4632
86000US33935,"33935",39098,3692
86000US33936,"33936",38567,4187
86000US33944,"33944",,
86000US33945,"33945",,
86000US33946,"33946",93547,21325
86000US33947,"33947",53302,6507
86000US33948,"33948",47394,3349
86000US33950,"33950",57852,3626
86000US33952,"33952",42484,2714
86000US33953,"33953",56451,10844
86000US33954,"33954",60841,5968
86000US33955,"33955",65558,5126
86000US33956,"33956",51774,10886
86000US33957,"33957",108081,6796
86000US33960,"33960",39514,6690
86000US33965,"33965",,
86000US33966,"33966",64686,9870
86000US33967,"33967",67996,4706
86000US33971,"33971",53840,3049
86000US33972,"33972",62092,5936
86000US33973,"33973",42991,3874
86000US33974,"33974",49645,3384
86000US33976,"33976",50190,2549
86000US33980,"33980",46451,3481
86000US33981,"33981",55568,3729
86000US33982,"33982",49750,6598
86000US33983,"33983",58148,4192
86000US33990,"33990",59541,3402
86000US33991,"33991",69179,8283
86000US33993,"33993",67680,7673
86000US34101,"34101",,
86000US34102,"34102",85938,10802
86000US34103,"34103",95559,12242
86000US34104,"34104",53303,3356
86000US34105,"34105",87617,13438
86000US34108,"34108",100705,11594
86000US34109,"34109",72095,7987
86000US34110,"34110",78410,2572
86000US34112,"34112",57792,3027
86000US34113,"34113",57365,6576
86000US34114,"34114",60746,6393
86000US34116,"34116",52131,2882
86000US34117,"34117",77035,9749
86000US34119,"34119",92266,2988
86000US34120,"34120",83398,9555
86000US34134,"34134",91019,10199
86000US34135,"34135",66616,5104
86000US34137,"34137",,
86000US34138,"34138",,
86000US34139,"34139",61250,31895
86000US34140,"34140",30489,29820
86000US34141,"34141",,
86000US34142,"34142",35172,5419
86000US34145,"34145",86215,6537
86000US34201,"34201",95164,11410
86000US34202,"34202",102703,5960
86000US34203,"34203",54558,4718
86000US34205,"34205",42816,2815
86000US34207,"34207",39812,4222
86000US34208,"34208",48664,1937
86000US34209,"34209",60037,3344
86000US34210,"34210",49662,3159
86000US34211,"34211",109194,22852
86000US34212,"34212",96307,5872
86000US34215,"34215",48015,22509
86000US34216,"34216",74000,14550
86000US34217,"34217",68029,17281
86000US34219,"34219",83831,3192
86000US34221,"34221",57983,2833
86000US34222,"34222",54718,7199
86000US34223,"34223",54586,2611
86000US34224,"34224",45210,3899
86000US34228,"34228",114762,9308
86000US34229,"34229",87039,15136
86000US34231,"34231",53332,2842
86000US34232,"34232",67146,3671
86000US34233,"34233",65738,4450
86000US34234,"34234",38243,4202
86000US34235,"34235",58740,3563
86000US34236,"34236",69331,10669
86000US34237,"34237",47756,5916
86000US34238,"34238",76465,5578
86000US34239,"34239",60733,5319
86000US34240,"34240",92000,10417
86000US34241,"34241",83316,6382
86000US34242,"34242",111190,12286
86000US34243,"34243",64847,4269
86000US34251,"34251",72500,11420
86000US34266,"34266",34078,2749
86000US34268,"34268",,
86000US34269,"34269",43393,5618
86000US34275,"34275",65713,5092
86000US34285,"34285",54890,4360
86000US34286,"34286",63743,8408
86000US34287,"34287",51017,3645
86000US34288,"34288",62469,24999
86000US34289,"34289",59471,34325
86000US34291,"34291",63287,15742
86000US34292,"34292",65991,4520
86000US34293,"34293",63063,2201
86000US34420,"34420",46435,6304
86000US34428,"34428",42096,12160
86000US34429,"34429",44958,4464
86000US34431,"34431",39812,4573
86000US34432,"34432",44577,3377
86000US34433,"34433",53989,7331
86000US34434,"34434",46250,8631
86000US34436,"34436",36875,5352
86000US34442,"34442",50009,6112
86000US34445,"34445",,
86000US34446,"34446",48084,3130
86000US34448,"34448",44717,2697
86000US34449,"34449",28333,4852
86000US34450,"34450",38406,3007
86000US34452,"34452",44789,6078
86000US34453,"34453",39055,5315
86000US34461,"34461",46939,7361
86000US34465,"34465",40101,4683
86000US34470,"34470",39101,3806
86000US34471,"34471",50405,5908
86000US34472,"34472",44925,2612
86000US34473,"34473",56113,6792
86000US34474,"34474",44639,6191
86000US34475,"34475",25893,7012
86000US34476,"34476",52888,3058
86000US34479,"34479",46354,10527
86000US34480,"34480",55431,4591
86000US34481,"34481",44754,2610
86000US34482,"34482",44282,6663
86000US34484,"34484",47195,8566
86000US34488,"34488",38429,6780
86000US34491,"34491",45945,1879
86000US34498,"34498",41094,13911
86000US34601,"34601",38389,2937
86000US34602,"34602",55915,3995
86000US34604,"34604",60278,7302
86000US34606,"34606",42769,2523
86000US34607,"34607",48779,6192
86000US34608,"34608",49529,3032
86000US34609,"34609",57257,2924
86000US34610,"34610",54469,3449
86000US34613,"34613",44375,3634
86000US34614,"34614",57451,6572
86000US34637,"34637",81981,9940
86000US34638,"34638",91543,9224
86000US34639,"34639",88694,3635
86000US34652,"34652",39309,2463
86000US34653,"34653",41145,2169
86000US34654,"34654",48000,3157
86000US34655,"34655",65239,3178
86000US34661,"34661",,
86000US34667,"34667",43958,1550
86000US34668,"34668",38087,1743
86000US34669,"34669",49196,2993
86000US34677,"34677",63385,4337
86000US34679,"34679",,
86000US34681,"34681",55198,28715
86000US34683,"34683",66513,4436
86000US34684,"34684",54340,2337
86000US34685,"34685",82782,6526
86000US34688,"34688",84338,11494
86000US34689,"34689",48890,3753
86000US34690,"34690",37081,2883
86000US34691,"34691",39619,1872
86000US34695,"34695",76988,7264
86000US34698,"34698",49541,2868
86000US34705,"34705",59000,11194
86000US34711,"34711",72159,4261
86000US34714,"34714",53472,4463
86000US34715,"34715",68504,6677
86000US34731,"34731",49824,5272
86000US34734,"34734",67356,19966
86000US34736,"34736",62258,5779
86000US34737,"34737",75341,11608
86000US34739,"34739",,
86000US34741,"34741",38071,2113
86000US34743,"34743",47909,5082
86000US34744,"34744",52191,3794
86000US34746,"34746",56160,3730
86000US34747,"34747",66747,8083
86000US34748,"34748",45059,2688
86000US34753,"34753",42956,6960
86000US34756,"34756",75071,8086
86000US34758,"34758",53510,5531
86000US34759,"34759",50748,4810
86000US34760,"34760",64018,23635
86000US34761,"34761",68152,4376
86000US34762,"34762",61083,45743
86000US34769,"34769",46033,4058
86000US34771,"34771",76624,5255
86000US34772,"34772",68343,5656
86000US34773,"34773",63515,11700
86000US34785,"34785",61341,3359
86000US34786,"34786",105075,6509
86000US34787,"34787",81711,7976
86000US34788,"34788",44404,2849
86000US34797,"34797",77167,10303
86000US34945,"34945",50880,11172
86000US34946,"34946",39361,5374
86000US34947,"34947",34055,6153
86000US34949,"34949",64736,8708
86000US34950,"34950",30150,3713
86000US34951,"34951",43850,4536
86000US34952,"34952",47770,2202
86000US34953,"34953",62696,2878
86000US34956,"34956",39661,5798
86000US34957,"34957",55206,4408
86000US34972,"34972",39875,4408
86000US34974,"34974",42500,3922
86000US34981,"34981",51159,20983
86000US34982,"34982",40436,3139
86000US34983,"34983",54579,3016
86000US34984,"34984",69556,3639
86000US34986,"34986",62719,5100
86000US34987,"34987",72007,9593
86000US34990,"34990",86444,5776
86000US34994,"34994",48085,5385
86000US34996,"34996",69227,5200
86000US34997,"34997",58789,2642
