,Unnamed: 0,zipcode,property_tax,owner_occupied,renter_occupied,total_vacant,total_dwellings,studio_rent,one_bed_rent,two_bed_rent,three_bed_rent,four_bed_rent,fte_employed,unemployed,average_income,projected_income,expense_index,average_commute,crime_index
831,0,32003,3778,8834,2186,704,11724,746,921,1113,1455,1852,10671,1069,110116,119505,104,35,28
832,1,32008,1120,1848,436,964,3247,686,702,800,1026,1135,1154,93,51662,57173,82,34,118
833,2,32009,1493,1087,131,109,1328,746,921,1113,1455,1852,214,84,82853,95351,104,39,143
834,3,32011,1495,4624,1053,459,6135,746,921,1113,1455,1852,2053,506,74998,86432,96,30,123
835,4,32024,1374,6868,1542,768,9178,634,659,869,1131,1178,2185,661,67920,74309,90,26,275
836,5,32025,1259,4865,2876,1167,8907,634,659,869,1131,1178,10360,376,58351,63803,81,19,191
837,6,32026,0,6,1,1,7,637,652,743,1047,1286,2,2,55105,60530,93,19,251
838,7,32033,1856,1735,331,263,2330,746,921,1113,1455,1852,1169,410,66993,76257,85,28,183
839,8,32034,4791,12705,4043,5103,21850,746,921,1113,1455,1852,13680,1347,104052,119632,85,22,163
840,9,32038,1117,3494,696,825,5015,634,659,869,1131,1178,705,314,56508,61665,84,31,528
841,10,32040,1261,2270,547,306,3124,530,599,790,1021,1315,983,202,79177,88088,101,32,97
842,11,32043,2263,8287,2569,1013,11869,746,921,1113,1455,1852,10039,1174,76067,83060,93,32,103
843,12,32044,1006,647,152,150,949,637,652,743,1047,1286,135,56,62665,68787,85,32,204
844,13,32046,1342,2750,786,324,3860,746,921,1113,1455,1852,1354,349,66672,76732,92,37,103
845,14,32052,698,1771,734,592,3097,553,565,734,1050,1271,1912,272,47899,54295,82,22,158
846,15,32053,723,1215,329,459,2003,553,565,734,1050,1271,163,99,55568,62991,91,24,21
847,16,32054,902,2740,1025,423,4189,629,644,734,917,1271,2439,278,59594,65947,90,29,95
848,17,32055,1237,4284,2140,954,7379,634,659,869,1131,1178,11825,570,66702,72922,88,22,130
849,18,32058,820,1072,284,188,1544,637,652,743,1047,1286,675,213,51718,56797,91,32,155
850,19,32059,967,890,258,192,1340,629,641,734,966,1271,547,20,53738,59278,86,22,168
851,20,32061,806,98,28,22,148,634,659,869,1131,1178,35,12,65474,71601,87,22,130
852,21,32062,1140,929,151,183,1263,629,644,734,1027,1191,292,85,57150,63278,86,30,109
853,22,32063,1493,3718,1266,441,5425,530,599,790,1021,1315,7249,355,74086,82272,97,30,140
854,23,32064,1012,1556,1044,443,3042,629,644,734,1027,1191,5097,347,53699,59597,86,21,31
855,24,32065,3091,10827,3453,1178,15457,746,921,1113,1455,1852,7200,1449,83618,91260,106,31,62
856,25,32066,816,1446,525,506,2476,686,702,800,1026,1135,1175,116,58877,63853,91,21,35
857,26,32068,1924,16443,3810,1618,21871,746,921,1113,1455,1852,5660,1830,73342,80211,100,38,90
858,27,32071,1031,1364,295,361,2020,629,644,734,1027,1191,216,34,52906,58485,81,34,138
859,28,32072,654,116,24,29,170,530,599,790,1021,1315,18,14,52061,57901,84,46,165
860,29,32073,1909,10413,5327,1312,17051,746,921,1113,1455,1852,26073,1186,71579,78133,91,26,94
861,30,32079,1331,85,148,22,255,746,921,1113,1455,1852,84,17,69774,75994,50,23,103
862,31,32080,4077,7353,3099,4908,15361,746,921,1113,1455,1852,4887,492,99265,112885,79,22,49
863,32,32081,5927,6802,1907,907,9616,746,921,1113,1455,1852,1777,908,141029,158863,116,26,103
864,33,32082,5871,10309,3134,2323,15766,746,921,1113,1455,1852,10626,995,156028,179229,93,26,56
865,34,32083,641,359,167,47,574,629,644,734,917,1271,102,32,50779,56394,87,27,101
866,35,32084,2449,9322,4957,2898,17177,746,921,1113,1455,1852,15863,1364,74320,84869,81,20,161
867,36,32086,2090,9876,3283,1820,14979,746,921,1113,1455,1852,13158,754,74624,85073,83,25,80
868,37,32087,901,1290,298,199,1787,530,599,790,1021,1315,281,148,67690,75199,100,38,157
869,38,32091,1092,4486,1678,1043,7207,637,652,743,1047,1286,7036,400,55647,61056,85,26,247
870,39,32092,3637,12470,2796,1728,16994,746,921,1113,1455,1852,7603,1510,106206,121199,107,30,209
871,40,32095,4905,4566,1449,964,6979,746,921,1113,1455,1852,6617,751,109620,126253,94,25,112
872,41,32096,692,931,236,240,1408,634,659,869,1131,1178,1562,94,44457,49673,79,28,416
873,42,32097,2152,6418,1794,608,8820,746,921,1113,1455,1852,4498,951,81228,93389,95,26,105
874,43,32102,1839,962,249,571,1781,1055,1140,1321,1713,2057,323,175,54426,61574,79,32,151
875,44,32110,1465,2722,931,673,4327,754,854,1100,1448,1633,2784,689,55700,63134,82,25,106
876,45,32112,1163,2432,747,1320,4499,623,627,765,997,1037,1125,211,45467,49580,84,29,391
877,46,32113,1247,2138,576,687,3401,692,757,939,1226,1356,642,264,52636,58704,85,30,153
878,47,32114,1242,4917,8672,2400,15989,693,856,1050,1406,1537,38504,1981,43174,48253,67,20,408
879,48,32117,1532,7158,5210,2645,15013,693,856,1050,1406,1537,14399,1538,46715,52105,74,20,270
880,49,32118,3314,6217,4068,6401,16686,693,856,1050,1406,1537,8553,722,68682,76970,67,20,381
881,50,32119,1853,7222,3748,1791,12762,693,856,1050,1406,1537,8724,1034,53182,59473,72,20,173
882,51,32124,3646,1868,594,384,2846,693,856,1050,1406,1537,4059,291,86214,96232,84,23,156
883,52,32127,2983,10471,2922,3198,16590,693,856,1050,1406,1537,9034,1055,70408,78661,80,24,76
884,53,32128,3633,7800,1477,1113,10390,693,856,1050,1406,1537,2048,611,96987,107721,89,22,92
885,54,32129,1858,6808,3219,1267,11293,693,856,1050,1406,1537,3536,785,55343,61923,75,23,83
886,55,32131,1508,1334,311,292,1937,623,627,765,997,1037,1043,125,64725,70616,86,22,200
887,56,32132,1778,2507,866,501,3874,693,856,1050,1406,1537,2492,339,54789,61227,77,22,202
888,57,32133,2770,37,8,10,55,692,757,939,1226,1356,0,0,52115,58153,87,29,202
889,58,32134,1016,3204,592,2017,5813,692,757,939,1226,1356,638,332,52496,58605,73,40,134
890,59,32136,3989,3075,835,1409,5319,754,854,1100,1448,1633,1984,184,82821,93873,73,24,77
891,60,32137,3658,15783,4111,5351,25245,754,854,1100,1448,1633,10414,1695,75989,86066,84,26,86
892,61,32139,1136,505,102,206,813,623,627,765,997,1037,42,22,41066,44764,74,30,319
893,62,32145,1082,1737,447,351,2534,746,921,1113,1455,1852,436,202,49035,55882,90,32,194
894,63,32147,1309,153,32,28,213,623,627,765,997,1037,306,68,45502,49609,90,27,207
895,64,32148,858,3590,950,1148,5687,623,627,765,997,1037,726,524,44635,48658,82,38,157
896,65,32157,1349,124,26,57,208,623,627,765,997,1037,17,15,48837,53176,76,34,208
897,66,32159,2160,13731,2444,3260,19435,1055,1140,1321,1713,2057,11390,676,62309,71497,68,22,71
898,67,32162,3497,26848,1655,7116,35619,716,718,946,1278,1283,6431,362,74898,87188,69,25,159
899,68,32164,2296,14273,5180,2723,22176,754,854,1100,1448,1633,8593,1866,62599,70865,91,23,96
900,69,32168,2719,10434,3401,2496,16330,693,856,1050,1406,1537,8135,733,73735,82687,79,24,161
901,70,32169,5437,4178,1346,6163,11687,693,856,1050,1406,1537,2987,104,96294,107785,73,24,109
902,71,32174,2772,18835,5246,3007,27088,693,856,1050,1406,1537,22063,2118,77511,86738,81,21,100
903,72,32176,3292,5607,1786,3179,10572,693,856,1050,1406,1537,4289,516,76815,85739,74,23,149
904,73,32177,1334,7028,3353,1521,11901,623,627,765,997,1037,12606,946,50378,55001,85,22,315
905,74,32179,1196,2951,749,1119,4820,692,757,939,1226,1356,449,64,45139,50571,80,34,137
906,75,32180,1682,1038,322,373,1733,693,856,1050,1406,1537,564,39,59579,66511,107,30,157
907,76,32181,1181,813,174,383,1370,623,627,765,997,1037,161,67,49231,53626,83,38,203
908,77,32187,1263,541,143,208,892,623,627,765,997,1037,181,97,52738,57486,83,25,233
909,78,32189,1113,2124,487,989,3600,623,627,765,997,1037,120,181,41295,44968,74,33,247
910,79,32190,1488,321,75,109,504,693,856,1050,1406,1537,157,9,57555,64235,104,28,124
911,80,32193,1767,327,93,225,645,623,627,765,997,1037,104,25,50342,54862,70,37,221
912,81,32195,1933,1232,210,327,1769,692,757,939,1226,1356,315,53,56460,63344,86,29,203
913,82,32202,1802,401,1624,433,2459,746,921,1113,1455,1852,33655,201,47175,52962,48,35,680
914,83,32204,2236,1480,2646,745,4871,746,921,1113,1455,1852,24472,258,66783,74250,61,21,754
915,84,32205,2147,7138,5916,1811,14865,746,921,1113,1455,1852,14235,1118,72492,80535,74,22,619
916,85,32206,973,3003,3816,2247,9067,746,921,1113,1455,1852,10508,1023,41387,46014,79,27,623
917,86,32207,2321,7811,7195,1989,16995,746,921,1113,1455,1852,41210,1067,74706,83125,77,20,586
918,87,32208,1127,8113,4315,1904,14332,746,921,1113,1455,1852,6845,2269,48229,53459,82,26,555
919,88,32209,713,7079,5841,3319,16239,746,921,1113,1455,1852,15663,1911,35566,39465,79,30,512
920,89,32210,1773,15389,9176,3486,28051,746,921,1113,1455,1852,15374,3131,64657,71676,86,24,397
921,90,32211,1619,6926,5654,1802,14382,746,921,1113,1455,1852,11833,1554,53952,60132,82,25,546
922,91,32216,1908,10454,7365,2744,20563,746,921,1113,1455,1852,42788,1374,67358,74470,80,23,338
923,92,32217,2449,4892,3193,954,9039,746,921,1113,1455,1852,7916,601,75462,83513,80,22,353
924,93,32218,2084,16146,7654,2473,26272,746,921,1113,1455,1852,30305,2321,66594,73995,91,25,378
925,94,32219,1822,4092,1299,667,6059,746,921,1113,1455,1852,8587,716,64647,72271,97,29,441
926,95,32220,1728,3727,921,467,5115,746,921,1113,1455,1852,5262,581,69278,76908,98,27,406
927,96,32221,2077,8403,2825,953,12181,746,921,1113,1455,1852,7555,944,71772,79660,99,26,355
928,97,32222,2367,3333,1259,644,5236,746,921,1113,1455,1852,1956,600,71612,79932,98,28,135
929,98,32223,3158,8198,1817,491,10506,746,921,1113,1455,1852,8729,548,106943,118864,96,28,193
930,99,32224,3699,10189,7664,1396,19249,746,921,1113,1455,1852,25585,1249,106351,118318,87,24,293
931,100,32225,2764,15704,5962,1541,23207,746,921,1113,1455,1852,19014,1822,92984,102904,96,27,148
932,101,32226,3009,5702,1204,528,7433,746,921,1113,1455,1852,7713,634,93068,103297,100,31,693
933,102,32227,0,4,423,116,543,746,921,1113,1455,1852,203,276,64544,71592,115,14,561
934,103,32228,0,0,0,0,0,746,921,1113,1455,1852,28,39,0,0,0,14,514
935,104,32233,3373,5554,3974,1381,10909,746,921,1113,1455,1852,10824,697,100581,111580,85,23,83
936,105,32234,1635,1964,768,284,3016,746,921,1113,1455,1852,2650,217,74234,82120,95,34,102
937,106,32244,1674,14785,8266,2560,25611,746,921,1113,1455,1852,9304,2896,62272,69092,90,28,304
938,107,32246,2480,13720,8961,2442,25123,746,921,1113,1455,1852,29741,1911,71960,79944,88,25,391
939,108,32254,804,2901,2240,1145,6286,746,921,1113,1455,1852,17405,972,40750,45177,89,25,581
940,109,32256,3037,11852,12326,2081,26259,746,921,1113,1455,1852,95369,940,93666,103996,76,20,154
941,110,32257,2478,9871,6092,1374,17337,746,921,1113,1455,1852,18818,1004,76166,84490,85,23,152
942,111,32258,3381,11091,4384,1125,16600,746,921,1113,1455,1852,23119,810,98751,109044,96,27,800
943,112,32259,4181,16821,3028,1015,20864,746,921,1113,1455,1852,6426,2183,134331,153268,113,30,126
944,113,32266,4296,1979,1239,326,3544,746,921,1113,1455,1852,2345,213,121289,134395,86,28,171
945,114,32277,1967,7304,4907,1568,13780,746,921,1113,1455,1852,3715,1319,65660,72894,87,26,217
713,0,32303,1782,11051,10127,2048,23225,778,843,1024,1361,1484,24635,1615,63966,70503,86,20,331
714,1,32304,1284,2951,14554,2401,19906,778,843,1024,1361,1484,23952,3025,34420,37981,67,18,326
715,2,32305,871,5071,2722,1128,8921,778,843,1024,1361,1484,2893,871,52936,58352,94,26,278
716,3,32308,2748,6029,5354,988,12372,778,843,1024,1361,1484,29881,534,88582,97802,82,17,390
717,4,32309,2945,10046,2762,795,13602,778,843,1024,1361,1484,6233,499,98073,108056,103,24,301
718,5,32310,1077,3091,3251,1702,8043,778,843,1024,1361,1484,5308,561,50010,55024,86,25,353
719,6,32311,2677,6089,3156,959,10204,778,843,1024,1361,1484,6335,521,89567,98731,95,24,177
720,7,32312,3570,11087,2733,864,14684,778,843,1024,1361,1484,10601,652,132699,146360,115,24,207
721,8,32317,2673,4832,696,252,5779,778,843,1024,1361,1484,2432,285,103719,114142,115,26,243
722,9,32320,1578,1084,481,547,2112,645,661,753,1078,1304,1578,117,63758,74081,85,15,78
723,10,32321,726,1386,465,552,2403,629,644,734,913,1021,1281,148,49443,53775,91,32,32
724,11,32322,1195,1025,373,1162,2559,645,661,753,1078,1304,444,133,56950,66097,79,24,144
725,12,32324,434,1071,478,320,1869,778,843,1024,1361,1484,2269,166,45500,49390,87,27,78
726,13,32327,1387,8027,1882,1423,11332,678,738,892,1109,1544,4203,841,71839,79917,103,35,118
727,14,32328,3902,1121,288,1593,3002,645,661,753,1078,1304,856,87,83832,97146,87,18,160
728,15,32330,552,139,77,30,245,778,843,1024,1361,1484,122,14,47668,51729,111,30,252
729,16,32331,767,1355,304,454,2113,629,641,734,966,1271,424,193,52034,57192,88,27,90
730,17,32332,491,369,126,77,572,778,843,1024,1361,1484,120,48,47308,51343,104,26,234
731,18,32333,1010,3617,1007,563,5188,778,843,1024,1361,1484,2341,366,58324,63346,89,32,55
732,19,32336,867,537,97,144,778,629,644,734,930,1042,193,42,61304,67861,87,31,127
733,20,32340,991,2799,1217,768,4784,629,641,734,966,1271,4528,276,51700,56897,86,20,146
734,21,32343,1317,985,202,110,1296,778,843,1024,1361,1484,1363,83,67655,73377,99,29,421
735,22,32344,1301,3902,1191,842,5935,778,843,1024,1361,1484,3004,381,62879,69915,87,28,237
736,23,32346,2275,756,230,975,1961,678,738,892,1109,1544,286,34,59682,66823,84,29,103
737,24,32347,772,2527,705,622,3854,629,644,734,930,1042,3641,168,54751,58952,87,20,247
738,25,32348,887,2811,1067,1226,5103,629,644,734,930,1042,2788,373,49181,53009,86,20,280
739,26,32350,1113,459,104,124,688,629,641,734,966,1271,216,4,49445,54524,84,27,23
740,27,32352,712,1713,454,297,2463,778,843,1024,1361,1484,444,157,59294,64378,102,29,210
741,28,32355,1697,84,29,31,144,678,738,892,1109,1544,134,55,58975,65559,81,28,122
742,29,32356,533,32,5,27,64,629,644,734,930,1042,11,0,50519,54452,74,34,132
743,30,32358,1438,793,152,485,1430,678,738,892,1109,1544,253,32,69694,77698,91,34,121
744,31,32359,1091,856,137,1777,2771,629,644,734,930,1042,152,8,50677,54538,68,25,153
745,32,32361,993,69,14,13,96,778,843,1024,1361,1484,27,7,60416,67162,86,35,127
746,33,32399,0,43,142,37,222,778,843,1024,1361,1484,2499,75,63432,69839,60,16,634
747,34,32401,1205,4673,3722,1782,10177,855,933,1088,1515,1784,14893,803,52094,57747,79,18,163
748,35,32403,0,1,24,5,30,855,933,1088,1515,1784,4986,53,79292,87893,124,12,37
749,36,32404,1081,9476,4410,2277,16162,855,933,1088,1515,1784,5576,1405,67238,74757,91,24,71
750,37,32405,1591,6817,4859,1464,13140,855,933,1088,1515,1784,18842,1039,65372,72563,84,19,159
751,38,32407,2402,2284,2514,3695,8493,855,933,1088,1515,1784,8492,255,73706,81650,83,17,369
752,39,32408,2396,4542,3070,7122,14734,855,933,1088,1515,1784,7042,521,85391,94717,85,18,172
753,40,32409,1235,2744,667,608,4019,855,933,1088,1515,1784,1079,245,75157,83389,97,28,29
754,41,32410,2896,185,90,504,780,855,933,1088,1515,1784,236,3,75195,83352,76,22,66
755,42,32413,3726,4481,2462,9866,16809,855,933,1088,1515,1784,6336,207,91948,110471,85,22,232
756,43,32420,742,737,148,280,1164,484,621,734,974,995,155,18,51162,55460,82,29,61
757,44,32421,593,1413,346,324,2084,629,644,734,1050,1169,311,105,53361,59019,88,31,13
758,45,32423,483,434,88,95,617,484,621,734,974,995,35,33,58277,63278,87,23,80
759,46,32424,656,1669,693,398,2760,629,644,734,1050,1169,2446,149,57441,63572,87,25,100
760,47,32425,607,3818,1261,800,5878,553,557,734,936,1271,3612,292,48768,53453,83,32,66
761,48,32426,440,298,69,79,446,484,621,734,974,995,151,17,41631,45170,80,29,77
762,49,32427,498,384,83,113,581,553,557,734,1050,1271,47,65,44587,48769,89,28,73
763,50,32428,779,4934,1527,1368,7828,553,557,734,1050,1271,4381,426,53104,57989,84,28,66
764,51,32430,499,446,61,152,659,629,644,734,1050,1169,71,51,52759,58385,86,26,16
765,52,32431,565,1444,534,341,2320,484,621,734,974,995,665,96,55423,60207,85,25,84
766,53,32432,436,23,7,4,34,484,621,734,974,995,8,1,54006,58505,88,25,98
767,54,32433,494,4888,1602,1593,8084,792,847,966,1358,1594,3646,687,54000,69457,84,37,51
768,55,32435,599,1864,777,657,3298,792,847,966,1358,1594,1998,199,61949,79841,83,31,22
769,56,32437,511,244,63,69,376,553,557,734,1050,1271,137,15,47858,52569,82,32,99
770,57,32438,362,1379,259,475,2113,855,933,1088,1515,1784,144,86,42397,46892,84,36,69
771,58,32439,1451,3938,1457,1703,7097,792,847,966,1358,1594,1200,396,73270,95096,85,32,51
772,59,32440,640,1531,638,370,2539,484,621,734,974,995,2268,127,56122,61013,82,24,97
773,60,32442,509,1228,326,251,1805,484,621,734,974,995,237,40,53273,57797,83,24,85
774,61,32443,526,966,212,288,1465,484,621,734,974,995,140,82,48795,52858,81,26,49
775,62,32444,1658,5613,2012,771,8396,855,933,1088,1515,1784,4386,613,84651,93792,96,19,89
776,63,32445,524,349,99,97,544,484,621,734,974,995,198,38,52392,56814,87,24,67
777,64,32446,914,2863,996,695,4554,484,621,734,974,995,6233,454,60832,65758,82,21,89
778,65,32447,0,3,3,1,7,484,621,734,974,995,12,1,39162,42424,73,14,72
779,66,32448,586,2302,1130,683,4115,484,621,734,974,995,4208,240,42180,45735,77,22,73
780,67,32449,361,162,30,61,253,629,644,734,1050,1169,19,16,40745,45067,78,26,19
781,68,32455,432,1635,402,431,2468,792,847,966,1358,1594,516,317,53442,64825,88,33,57
782,69,32456,2882,1893,751,2161,4805,759,764,1007,1253,1698,2921,116,69390,78903,81,20,79
783,70,32459,4875,6345,2823,11805,20973,792,847,966,1358,1594,6432,307,119972,154339,89,20,50
784,71,32460,521,1253,376,293,1923,484,621,734,974,995,635,159,52761,57161,81,23,69
785,72,32461,15205,31,10,244,285,792,847,966,1358,1594,125,4,217228,279627,88,19,45
786,73,32462,515,1105,287,386,1778,553,557,734,1050,1271,492,87,49143,55018,83,31,97
787,74,32463,345,32,8,8,48,553,557,734,1050,1271,39,12,58187,63588,88,29,92
788,75,32464,436,1466,256,356,2079,553,557,734,936,1271,209,170,55374,62158,82,34,83
789,76,32465,626,2080,593,1195,3867,759,764,1007,1253,1698,700,325,50412,57368,83,31,66
790,77,32466,667,1791,355,346,2492,855,933,1088,1515,1784,458,160,59592,66106,95,33,61
791,78,32501,1425,2280,2357,907,5544,776,840,987,1385,1709,18276,502,58686,66483,73,21,307
792,79,32502,1861,1135,932,447,2514,776,840,987,1385,1709,12125,172,85532,96827,69,20,269
793,80,32503,1688,8322,4796,1510,14628,776,840,987,1385,1709,12930,1273,73818,83019,79,17,272
794,81,32504,1688,6315,3463,937,10714,776,840,987,1385,1709,31162,725,73893,83389,79,21,213
795,82,32505,796,6218,4596,1815,12629,776,840,987,1385,1709,15438,1755,44213,49746,86,22,300
796,83,32506,1210,8859,5459,1835,16153,776,840,987,1385,1709,6837,1495,60844,68597,86,22,245
797,84,32507,2035,7945,5064,6029,19038,776,840,987,1385,1709,6137,1375,76814,87210,83,24,365
798,85,32508,0,133,336,144,613,776,840,987,1385,1709,1618,282,61727,69402,95,10,467
799,86,32509,875,9,3,1,12,776,840,987,1385,1709,134,7,67387,75835,95,25,94
800,87,32511,0,0,0,0,0,776,840,987,1385,1709,6,1,0,0,0,15,70
801,88,32514,1388,8668,7027,1915,17611,776,840,987,1385,1709,16277,1714,62933,70846,78,23,111
802,89,32526,1408,11849,4063,1277,17190,776,840,987,1385,1709,8305,696,70244,79652,92,25,183
803,90,32530,803,21,6,4,30,776,840,987,1385,1709,1,1,61577,68469,59,19,174
804,91,32531,1021,1957,446,410,2814,977,983,1168,1559,2022,601,179,72861,80652,94,30,152
805,92,32533,1528,9278,2023,889,12190,776,840,987,1385,1709,6096,711,79692,89641,97,27,230
806,93,32534,1067,4373,1945,783,7101,776,840,987,1385,1709,6423,562,60759,68423,86,25,238
807,94,32536,1642,6814,2986,1530,11330,977,983,1168,1559,2022,8954,1183,76670,84927,99,27,89
808,95,32539,1245,8036,3072,1224,12333,977,983,1168,1559,2022,4704,1206,68492,76120,94,28,103
809,96,32541,4239,4944,2833,11145,18922,977,983,1168,1559,2022,16684,474,104976,117424,88,19,177
810,97,32542,2075,134,632,391,1157,977,983,1168,1559,2022,6840,64,65484,70609,93,15,30
811,98,32544,1293,3,319,37,358,977,983,1168,1559,2022,696,83,68395,75702,118,17,67
812,99,32548,2390,5441,3825,2798,12064,977,983,1168,1559,2022,17013,673,70583,78195,80,19,188
813,100,32550,3767,2118,887,6631,9637,792,847,966,1358,1594,6021,203,110660,142598,80,19,350
814,101,32561,3366,2716,898,2290,5904,776,840,987,1385,1709,6229,254,150607,168196,98,24,169
815,102,32563,2388,8600,2751,1174,12525,776,840,987,1385,1709,5862,966,94050,104315,93,30,50
816,103,32564,787,988,249,153,1390,977,983,1168,1559,2022,201,81,79040,87520,91,32,131
817,104,32565,935,2095,403,327,2825,776,840,987,1385,1709,1654,147,69640,77411,93,31,184
818,105,32566,2281,12750,4170,3249,20169,776,840,987,1385,1709,5153,1346,89976,100095,100,29,53
819,106,32567,712,1451,355,334,2140,977,983,1168,1559,2022,368,153,59345,69637,84,40,138
820,107,32568,817,1041,157,107,1305,776,840,987,1385,1709,412,137,65129,73293,92,36,540
821,108,32569,1723,3173,1636,527,5336,977,983,1168,1559,2022,3888,330,78730,87136,89,20,64
822,109,32570,1134,9209,3745,1514,14468,776,840,987,1385,1709,10547,1020,65366,72860,90,28,103
823,110,32571,1552,11628,2978,1197,15802,776,840,987,1385,1709,6352,851,82747,92516,100,26,79
824,111,32577,1217,1592,263,135,1990,776,840,987,1385,1709,779,226,70053,78828,95,31,435
825,112,32578,2530,10256,3701,1242,15199,977,983,1168,1559,2022,10236,1208,101252,112490,96,23,49
826,113,32579,2288,3066,1402,360,4828,977,983,1168,1559,2022,3918,454,86373,95496,90,21,105
827,114,32580,2030,1070,641,208,1918,977,983,1168,1559,2022,9567,105,80056,88503,83,18,29
828,115,32583,1139,8061,2177,1343,11581,776,840,987,1385,1709,4346,1090,72769,80913,92,30,103
829,116,32601,2350,2101,6151,1125,9377,805,897,1083,1415,1469,16562,647,48119,54917,63,15,441
830,117,32603,4152,393,1769,209,2371,805,897,1083,1415,1469,3794,251,58114,66488,57,12,299
591,0,32605,2788,7098,2989,724,10811,805,897,1083,1415,1469,14415,383,92596,105802,84,18,177
592,1,32606,3658,6368,4656,1012,12036,805,897,1083,1415,1469,13797,411,94440,108008,84,20,192
593,2,32607,3190,4958,8889,1876,15723,805,897,1083,1415,1469,9935,826,60220,68651,73,19,115
594,3,32608,3629,9028,13308,2920,25256,805,897,1083,1415,1469,29797,1579,73016,84004,74,18,89
595,4,32609,1584,4118,3395,990,8503,805,897,1083,1415,1469,10791,753,49181,56153,78,21,487
596,5,32612,3442,1,10,1,12,805,897,1083,1415,1469,5331,132,30726,35060,27,13,138
597,6,32615,2595,4667,1484,633,6784,805,897,1083,1415,1469,6195,296,81170,92535,88,25,273
598,7,32616,1264,251,126,64,441,805,897,1083,1415,1469,1407,52,77626,87935,90,24,262
599,8,32617,1548,1177,337,250,1764,692,757,939,1226,1356,427,104,61006,68097,90,27,99
600,9,32618,2112,2711,641,342,3693,805,897,1083,1415,1469,1202,236,94627,107827,91,29,307
601,10,32619,1027,1626,287,425,2339,805,897,1083,1415,1469,627,89,52519,60212,85,32,109
602,11,32621,984,1610,332,327,2269,553,557,734,1001,1149,687,159,46454,52140,87,32,127
603,12,32622,1010,481,83,137,701,637,652,743,1047,1286,144,45,63126,70025,86,32,141
604,13,32625,2502,631,156,472,1260,553,557,734,1001,1149,314,61,64658,72856,76,21,99
605,14,32626,1235,2757,794,731,4281,553,557,734,1001,1149,2649,245,47193,52871,79,27,236
606,15,32628,1012,1087,402,342,1832,629,644,734,1027,1153,2499,139,51695,55337,83,25,163
607,16,32639,1155,154,25,56,235,553,557,734,1001,1149,54,22,45392,51016,74,28,140
608,17,32640,1322,3688,835,1102,5625,805,897,1083,1415,1469,1298,304,52781,58809,80,33,339
609,18,32641,1293,3088,1742,593,5423,805,897,1083,1415,1469,2484,633,46916,53619,88,23,502
610,19,32643,1966,4137,950,514,5601,805,897,1083,1415,1469,2167,347,69641,79154,88,31,307
611,20,32648,2071,177,24,314,515,629,644,734,1027,1153,25,44,65827,70496,82,26,161
612,21,32653,3188,4494,1555,417,6465,805,897,1083,1415,1469,3995,496,77678,88912,84,22,198
613,22,32656,1272,4603,1000,1030,6633,746,921,1113,1455,1852,2209,504,58668,63952,87,38,160
614,23,32658,1032,88,20,28,137,805,897,1083,1415,1469,42,18,58496,66722,93,24,246
615,24,32664,1197,167,64,49,280,692,757,939,1226,1356,103,40,46400,51803,68,25,182
616,25,32666,1729,2156,457,600,3213,623,627,765,997,1037,614,326,64599,70998,80,38,283
617,26,32667,2063,1317,348,271,1937,805,897,1083,1415,1469,913,139,67490,76513,79,25,457
618,27,32668,1525,1828,334,408,2570,553,557,734,1001,1149,264,138,65701,73516,86,32,125
619,28,32669,3048,4564,1321,567,6452,805,897,1083,1415,1469,2714,338,91309,103782,92,29,412
620,29,32680,755,3905,713,1237,5856,629,644,734,1027,1153,738,172,50148,53608,82,31,121
621,30,32681,599,41,17,14,72,692,757,939,1226,1356,2,1,39974,44653,66,26,182
622,31,32683,748,39,7,15,61,553,557,734,1001,1149,14,5,42191,47295,78,23,120
623,32,32686,1773,1514,463,443,2420,692,757,939,1226,1356,786,254,75979,85076,89,24,161
624,33,32692,1807,68,8,144,221,629,644,734,1027,1153,15,4,60208,64379,60,21,161
625,34,32693,1042,3616,869,660,5145,805,897,1083,1415,1469,2344,306,53576,61183,87,28,110
626,35,32694,1500,686,229,173,1088,805,897,1083,1415,1469,67,91,65755,74845,85,30,493
627,36,32696,1285,4092,1122,769,5983,553,557,734,1001,1149,2368,381,60902,68223,86,32,147
628,37,32697,768,40,17,11,69,629,644,734,917,1271,0,0,84444,93845,108,32,128
629,38,32701,1708,5652,4816,1617,12084,1055,1140,1321,1713,2057,23675,737,69999,78683,80,23,217
630,39,32702,1265,805,399,285,1489,1055,1140,1321,1713,2057,326,138,53129,60306,77,32,111
631,40,32703,2073,13613,7198,1977,22788,1055,1140,1321,1713,2057,19781,5162,70166,80418,101,28,608
632,41,32707,1886,10276,4937,1343,16555,1055,1140,1321,1713,2057,13036,2405,64935,73085,87,26,163
633,42,32708,2719,13925,4512,1366,19803,1055,1140,1321,1713,2057,9298,2056,96668,108761,96,28,80
634,43,32709,1523,785,204,100,1088,1055,1140,1321,1713,2057,483,557,103471,119793,101,33,95
635,44,32712,2572,13582,2889,1387,17858,1055,1140,1321,1713,2057,6663,4152,88480,102321,107,29,756
636,45,32713,2447,7211,1456,803,9470,693,856,1050,1406,1537,3496,626,73093,81698,87,31,150
637,46,32714,1921,8206,7938,2338,18482,1055,1140,1321,1713,2057,21261,2184,71762,81002,83,25,101
638,47,32720,2177,9130,4091,2012,15233,693,856,1050,1406,1537,14647,1893,61095,68282,85,24,343
639,48,32724,2392,11888,4591,2200,18678,693,856,1050,1406,1537,12430,1680,65965,73890,84,23,145
640,49,32725,2042,14357,3638,2225,20220,693,856,1050,1406,1537,4991,2272,59466,66332,94,32,119
641,50,32726,2066,6097,2844,1460,10401,1055,1140,1321,1713,2057,6687,1136,60170,68316,84,24,96
642,51,32730,1696,1451,1228,287,2965,1055,1140,1321,1713,2057,2913,223,63559,71713,79,25,63
643,52,32732,2579,1848,263,199,2309,1055,1140,1321,1713,2057,645,200,99451,112189,109,37,116
644,53,32735,1959,1761,256,244,2260,1055,1140,1321,1713,2057,139,81,66557,75573,81,29,166
645,54,32736,2677,3569,630,587,4786,1055,1140,1321,1713,2057,1303,832,84758,96458,101,34,88
646,55,32738,2103,13518,2880,1550,17949,693,856,1050,1406,1537,3128,2520,60327,67320,101,35,105
647,56,32744,2214,1275,300,214,1788,693,856,1050,1406,1537,657,192,69171,77160,83,26,136
648,57,32746,3327,12948,6028,1946,20922,1055,1140,1321,1713,2057,49787,2260,110260,123986,97,24,83
649,58,32750,2292,7197,2335,661,10193,1055,1140,1321,1713,2057,20896,1447,83004,93219,97,24,174
650,59,32751,3211,6758,3139,1627,11524,1055,1140,1321,1713,2057,28306,1124,106503,123699,88,23,388
651,60,32754,1753,4249,709,1018,5975,759,921,1134,1525,1826,1101,632,68934,76912,92,30,200
652,61,32757,2941,9095,3976,2313,15384,1055,1140,1321,1713,2057,10988,1863,78919,90175,84,25,183
653,62,32759,2182,995,230,306,1531,693,856,1050,1406,1537,370,87,48539,54248,77,26,115
654,63,32763,1930,6772,2979,1644,11395,693,856,1050,1406,1537,10311,728,59221,65993,82,27,147
655,64,32764,2154,1133,182,226,1542,693,856,1050,1406,1537,502,224,81916,91608,93,35,113
656,65,32765,3174,16314,7045,1572,24930,1055,1140,1321,1713,2057,18518,3070,98185,110793,104,28,140
657,66,32766,3664,4609,631,237,5477,1055,1140,1321,1713,2057,1998,414,124490,140350,127,32,189
658,67,32767,993,933,176,218,1327,1055,1140,1321,1713,2057,151,177,53649,60970,86,38,95
659,68,32771,2559,12692,9085,2751,24528,1055,1140,1321,1713,2057,33751,2926,79168,89693,94,25,369
660,69,32773,1819,7426,4401,1479,13306,1055,1140,1321,1713,2057,11722,2129,64504,72798,93,26,211
661,70,32776,2912,3596,770,458,4825,1055,1140,1321,1713,2057,1577,507,96416,109728,104,31,66
662,71,32778,2159,7504,2271,2331,12107,1055,1140,1321,1713,2057,10165,1433,61097,69376,76,23,71
663,72,32779,3675,9017,2279,1012,12307,1055,1140,1321,1713,2057,10406,1376,122946,138185,104,25,59
664,73,32780,1757,11746,5138,3932,20816,759,921,1134,1525,1826,12909,1781,66626,74061,81,25,158
665,74,32784,1586,3496,995,915,5405,692,757,939,1226,1356,1577,638,66862,75580,92,29,125
666,75,32789,6024,7497,4370,1599,13466,1055,1140,1321,1713,2057,26212,1479,146277,168133,87,22,970
667,76,32792,2364,11743,11329,2506,25578,1055,1140,1321,1713,2057,22902,3215,75714,86619,78,25,98
668,77,32796,1590,6586,2003,1626,10214,759,921,1134,1525,1826,7402,831,59254,65983,84,24,156
669,78,32798,780,1238,193,236,1667,1055,1140,1321,1713,2057,457,139,62647,74000,72,28,421
670,79,32801,4126,3959,6883,1928,12770,1055,1140,1321,1713,2057,41862,1241,104719,121218,58,21,2859
671,80,32803,3567,5871,5226,1405,12502,1055,1140,1321,1713,2057,36134,718,100052,115479,76,22,2888
672,81,32804,4168,5715,3321,1153,10190,1055,1140,1321,1713,2057,18365,1541,111034,128302,80,20,1582
673,82,32805,1188,3131,5245,1503,9879,1055,1140,1321,1713,2057,16958,2974,44389,51397,82,28,1654
674,83,32806,3268,7621,4279,1159,13059,1055,1140,1321,1713,2057,27932,1979,87103,100713,81,23,1157
675,84,32807,1692,6109,6381,1460,13950,1055,1140,1321,1713,2057,14975,3390,53813,62308,90,27,572
676,85,32808,1340,8574,8640,3422,20636,1055,1140,1321,1713,2057,18803,8726,48858,56560,97,27,226
677,86,32809,2009,5353,4502,1286,11142,1055,1140,1321,1713,2057,42028,3461,61159,70757,101,24,125
678,87,32810,1724,7772,5931,1601,15304,1055,1140,1321,1713,2057,18466,3977,59600,68890,90,26,135
679,88,32811,1441,5746,10699,2502,18947,1055,1140,1321,1713,2057,15295,5066,47829,55284,84,25,335
680,89,32812,2580,8351,6101,1445,15897,1055,1140,1321,1713,2057,8670,2211,69874,80863,89,25,252
681,90,32814,7553,1969,1883,471,4323,1055,1140,1321,1713,2057,5404,475,132541,153309,89,30,174
682,91,32817,2483,6708,5960,1360,14027,1055,1140,1321,1713,2057,12531,3305,73077,84419,92,26,65
683,92,32818,1896,9799,5868,1327,16994,1055,1140,1321,1713,2057,6499,6540,53561,62158,102,29,82
684,93,32819,3970,8776,3974,3957,16707,1055,1140,1321,1713,2057,98675,2345,114237,132077,94,22,303
685,94,32820,3074,2601,625,323,3549,1055,1140,1321,1713,2057,1004,1011,97021,112189,114,37,95
686,95,32821,2395,4896,5246,5200,15341,1055,1140,1321,1713,2057,36247,2182,69139,79933,75,19,64
687,96,32822,1648,12664,12060,3564,28288,1055,1140,1321,1713,2057,21808,6449,52372,60682,84,28,1070
688,97,32824,2737,11292,6129,2471,19892,1055,1140,1321,1713,2057,24777,5591,76990,89475,117,25,73
689,98,32825,2481,13433,8164,1908,23504,1055,1140,1321,1713,2057,18558,7034,70430,81847,101,29,77
690,99,32826,2460,5349,3317,1083,9749,1055,1140,1321,1713,2057,20387,2693,62709,72447,88,27,115
691,100,32827,6537,2699,1456,685,4840,1055,1140,1321,1713,2057,21806,494,127026,147309,107,22,365
692,101,32828,3163,14406,8213,2029,24648,1055,1140,1321,1713,2057,15243,5304,88229,102065,107,29,73
693,102,32829,3051,5232,2085,837,8155,1055,1140,1321,1713,2057,3294,1844,77490,89757,106,27,100
694,103,32830,1863510,65,76,24,165,1055,1140,1321,1713,2057,33646,1024,99078,115317,93,19,416
695,104,32831,0,88,73,19,180,1055,1140,1321,1713,2057,239,16,93589,108254,81,28,59
696,105,32832,4892,8411,5109,2020,15541,1055,1140,1321,1713,2057,36780,2021,113725,131545,109,29,63
697,106,32833,2845,2858,823,443,4124,1055,1140,1321,1713,2057,1079,922,83236,96427,108,35,106
698,107,32835,2777,7354,9290,2265,18909,1055,1140,1321,1713,2057,14799,3322,74524,86931,92,25,215
699,108,32836,8930,5304,3090,3910,12304,1055,1140,1321,1713,2057,30640,765,143698,166005,104,23,252
700,109,32837,2801,11184,8323,2671,22179,1055,1140,1321,1713,2057,26756,4135,76146,88357,107,23,50
701,110,32839,1653,6825,14630,4641,26096,1055,1140,1321,1713,2057,16568,4839,49087,57206,84,27,202
702,111,32901,1677,6349,5593,2051,13992,759,921,1134,1525,1826,29751,802,52035,57793,71,19,200
703,112,32903,3795,4594,1526,1203,7322,759,921,1134,1525,1826,3117,320,109459,121682,88,19,189
704,113,32904,2113,11254,3626,1884,16764,759,921,1134,1525,1826,18371,920,81113,90452,86,20,122
705,114,32905,1379,6828,4637,2226,13691,759,921,1134,1525,1826,18021,1298,50760,56335,73,21,175
706,115,32907,1750,13500,3039,1770,18309,759,921,1134,1525,1826,6164,1708,61913,68836,97,27,132
707,116,32908,1879,3468,1178,627,5273,759,921,1134,1525,1826,874,761,64375,71809,106,29,107
708,117,32909,1933,10346,2860,1540,14746,759,921,1134,1525,1826,4074,1100,65256,72773,98,26,128
709,118,32920,2239,2836,2653,2808,8297,759,921,1134,1525,1826,8957,242,74478,82711,66,25,5
710,119,32922,1492,3119,3358,1467,7945,759,921,1134,1525,1826,6235,616,50972,56566,80,24,394
711,120,32925,0,5,335,98,438,759,921,1134,1525,1826,4644,88,63964,71102,103,16,84
712,121,32926,1709,7335,1804,1193,10333,759,921,1134,1525,1826,5845,894,68264,76168,90,27,180
238,0,32927,1588,8709,1594,1498,11800,759,921,1134,1525,1826,2736,1183,72750,80917,98,27,116
239,1,32931,3448,4962,2325,3211,10498,759,921,1134,1525,1826,8335,404,89855,99941,74,23,210
240,2,32934,3104,6122,1612,696,8430,759,921,1134,1525,1826,8470,374,95313,106275,95,22,123
241,3,32935,1619,12244,6681,2343,21268,759,921,1134,1525,1826,17330,1433,63068,70159,80,21,166
242,4,32937,3440,8813,2894,2361,14069,759,921,1134,1525,1826,5733,793,99672,110624,88,23,86
243,5,32940,3228,15410,3444,2082,20936,759,921,1134,1525,1826,19980,1336,98429,109685,91,24,93
244,6,32948,1533,1160,563,273,1996,759,921,1134,1525,1826,1310,339,54189,64791,132,25,234
245,7,32949,3474,1000,125,165,1290,759,921,1134,1525,1826,244,126,88818,98664,91,21,23
246,8,32950,2766,1448,254,155,1857,759,921,1134,1525,1826,623,144,83574,93004,94,22,120
247,9,32951,3679,4668,849,1808,7325,759,921,1134,1525,1826,1350,382,103320,114767,84,28,101
248,10,32952,2945,6957,1566,1277,9800,759,921,1134,1525,1826,6539,657,100810,112057,94,24,201
249,11,32953,2531,7425,2779,1483,11687,759,921,1134,1525,1826,12646,947,77097,85497,89,23,180
250,12,32955,2405,12065,3761,1823,17649,759,921,1134,1525,1826,14124,1312,80677,89824,91,23,109
251,13,32958,2169,10459,2507,2376,15342,699,881,1059,1430,1673,6857,1329,64908,77674,86,22,123
252,14,32960,1834,5570,4252,2549,12371,699,881,1059,1430,1673,21106,1071,64274,76871,77,17,158
253,15,32962,1459,8101,2659,2746,13506,699,881,1059,1430,1673,3113,1185,63526,76078,86,18,107
254,16,32963,8340,7237,788,4011,12035,699,881,1059,1430,1673,5770,224,200614,239717,87,19,121
255,17,32966,2129,7640,2716,2761,13117,699,881,1059,1430,1673,8274,512,70533,84199,75,20,157
256,18,32967,2553,7312,3073,3027,13412,699,881,1059,1430,1673,4495,1290,81381,97267,94,19,171
257,19,32968,2465,4833,1016,796,6645,699,881,1059,1430,1673,2728,521,90959,108669,103,21,140
258,20,32970,855,91,22,23,136,699,881,1059,1430,1673,330,21,62177,74992,88,23,89
259,21,32976,1872,4731,618,1763,7112,759,921,1134,1525,1826,481,355,46282,51452,65,28,23
260,22,33001,3628,82,35,224,341,1301,1344,1744,2257,2996,70,2,49038,56312,66,20,264
261,23,33004,3165,4055,3813,1896,9764,1059,1198,1510,2161,2614,18468,1659,68499,78786,84,24,642
262,24,33009,3978,11987,8027,10061,30074,1059,1198,1510,2161,2614,15998,2397,60466,69926,78,27,304
263,25,33010,2485,4855,10643,591,16089,1057,1231,1551,2068,2483,11796,2404,40666,48071,108,25,400
264,26,33012,2223,12924,11070,1002,24996,1057,1231,1551,2068,2483,19465,4307,47282,56026,114,27,232
265,27,33013,2737,5790,3783,403,9976,1057,1231,1551,2068,2483,8220,1291,47857,56664,130,26,557
266,28,33014,2979,7147,6931,577,14655,1057,1231,1551,2068,2483,24226,1512,60265,71309,107,26,367
267,29,33015,2885,12917,8970,1625,23511,1057,1231,1551,2068,2483,10033,3116,65161,76931,115,31,457
268,30,33016,2644,8648,5487,515,14649,1057,1231,1551,2068,2483,24847,2143,62156,74540,119,29,321
269,31,33018,3786,12390,4199,448,17037,1057,1231,1551,2068,2483,9814,2646,81963,98938,139,30,432
270,32,33019,7303,5985,2666,5446,14096,1059,1198,1510,2161,2614,4681,700,126175,145359,87,27,204
271,33,33020,3089,8395,12010,3883,24288,1059,1198,1510,2161,2614,24995,4103,59706,68895,83,26,322
272,34,33021,3758,13812,6583,3004,23399,1059,1198,1510,2161,2614,29841,2715,82723,95733,93,25,277
273,35,33023,3055,14050,6143,1600,21793,1059,1198,1510,2161,2614,14718,4528,60562,69772,122,29,411
274,36,33024,3716,17539,7485,2085,27109,1059,1198,1510,2161,2614,18259,4921,76840,88780,110,28,218
275,37,33025,3411,17850,12634,3598,34082,1059,1198,1510,2161,2614,31435,3679,73701,85566,108,31,166
276,38,33026,3676,9589,2087,815,12491,1059,1198,1510,2161,2614,11827,1705,93406,107680,108,28,173
277,39,33027,4345,18474,4252,2755,25482,1059,1198,1510,2161,2614,20734,2513,84725,96884,111,32,126
278,40,33028,5511,6794,1929,592,9315,1059,1198,1510,2161,2614,9234,1072,124027,142936,140,33,137
279,41,33029,5672,12271,1370,882,14523,1059,1198,1510,2161,2614,8410,2202,123024,141689,148,34,109
280,42,33030,2746,4596,6264,1117,11976,1057,1231,1551,2068,2483,9794,2473,56966,67798,122,32,897
281,43,33031,4536,1636,345,210,2192,1057,1231,1551,2068,2483,1735,394,89367,105822,123,29,1173
282,44,33032,3489,9933,6621,1825,18379,1057,1231,1551,2068,2483,4551,5085,64337,76916,127,31,1057
283,45,33033,3457,9846,7755,2854,20455,1057,1231,1551,2068,2483,9008,5142,62953,74823,126,30,862
284,46,33034,1826,2799,3532,1059,7390,1057,1231,1551,2068,2483,5795,2288,49148,58318,115,31,930
285,47,33035,2627,2668,2348,1337,6353,1057,1231,1551,2068,2483,2249,850,70371,83503,109,28,1433
286,48,33036,7116,1010,535,1690,3234,1301,1344,1744,2257,2996,2767,119,128749,147473,84,21,206
287,49,33037,4930,3704,1755,5171,10629,1301,1344,1744,2257,2996,5659,595,115946,132829,87,23,182
288,50,33039,4991,72,42,9,123,1057,1231,1551,2068,2483,85,43,65514,77124,147,58,343
289,51,33040,4865,6494,7953,3779,18227,1301,1344,1744,2257,2996,20021,2151,98546,112845,93,13,412
290,52,33042,4778,2112,838,1773,4722,1301,1344,1744,2257,2996,1137,248,116161,133511,91,25,190
291,53,33043,3633,1394,612,905,2911,1301,1344,1744,2257,2996,1259,209,78781,90610,84,26,202
292,54,33050,5199,2272,1746,2905,6923,1301,1344,1744,2257,2996,4432,453,89946,103204,89,14,228
293,55,33051,5315,263,98,686,1047,1301,1344,1744,2257,2996,0,0,160460,184304,84,21,107
294,56,33054,2718,4758,4316,986,10060,1057,1231,1551,2068,2483,14751,2445,39458,46675,112,31,1989
295,57,33055,2794,9331,2557,572,12460,1057,1231,1551,2068,2483,2821,2751,53249,63017,139,32,732
296,58,33056,3040,7238,3532,662,11432,1057,1231,1551,2068,2483,8376,4237,55297,65624,125,31,747
297,59,33060,3725,7458,6488,2350,16296,1059,1198,1510,2161,2614,15471,1579,67928,78418,95,24,466
298,60,33062,5974,9913,4428,8267,22608,1059,1198,1510,2161,2614,8645,1476,102512,118283,74,23,530
299,61,33063,2644,17524,6646,3521,27692,1059,1198,1510,2161,2614,19655,2708,62755,72689,92,27,131
300,62,33064,3697,14779,7849,4335,26963,1059,1198,1510,2161,2614,27561,4252,75552,87041,102,23,279
301,63,33065,3653,11147,8287,1897,21331,1059,1198,1510,2161,2614,25155,4758,74329,85689,113,27,112
302,64,33066,2011,7209,1485,1877,10571,1059,1198,1510,2161,2614,1986,689,59876,68935,71,25,214
303,65,33067,7283,6940,2280,632,9852,1059,1198,1510,2161,2614,7594,1589,144594,166732,131,27,160
304,66,33068,2793,11014,6609,2176,19799,1059,1198,1510,2161,2614,11168,4182,58357,67356,118,28,173
305,67,33069,2509,7453,4626,4372,16452,1059,1198,1510,2161,2614,34569,2629,61010,70084,82,25,312
306,68,33070,4773,1534,801,1787,4122,1301,1344,1744,2257,2996,2468,176,113807,130619,92,23,191
307,69,33071,5232,9828,3964,958,14750,1059,1198,1510,2161,2614,12577,1860,109587,126096,122,27,123
308,70,33073,4645,8448,4258,924,13629,1059,1198,1510,2161,2614,12428,1905,91840,105762,112,26,184
309,71,33076,9159,10737,3221,961,14920,1059,1198,1510,2161,2614,6321,2212,159324,186672,138,28,190
310,72,33122,15345,507,427,46,980,1057,1231,1551,2068,2483,25830,235,103092,124865,51,25,2444
311,73,33125,2942,6377,13535,1763,21675,1057,1231,1551,2068,2483,12338,2039,40934,48541,102,27,1219
312,74,33126,2420,6804,10139,1319,18262,1057,1231,1551,2068,2483,43252,2797,50642,61008,103,26,929
313,75,33127,2874,3274,6487,1313,11074,1057,1231,1551,2068,2483,11139,3155,45899,54923,107,32,1565
314,76,33128,2427,459,2791,281,3531,1057,1231,1551,2068,2483,6645,558,37316,44349,82,37,1637
315,77,33129,6721,3706,3376,1663,8745,1057,1231,1551,2068,2483,3238,694,131058,155930,92,20,1153
316,78,33130,6044,4909,13361,3988,22258,1057,1231,1551,2068,2483,19853,1811,78516,95574,79,33,1605
317,79,33131,8057,5681,8190,7076,20947,1057,1231,1551,2068,2483,42222,834,137140,163316,74,18,490
318,80,33132,7476,3480,5888,3108,12477,1057,1231,1551,2068,2483,36437,468,131053,155416,63,21,821
319,81,33133,9094,7627,6782,2598,17008,1057,1231,1551,2068,2483,14941,1839,141402,167690,97,23,1660
320,82,33134,6973,8458,7469,1894,17821,1057,1231,1551,2068,2483,35365,1458,106271,125547,99,22,983
321,83,33135,3139,3332,11011,1072,15415,1057,1231,1551,2068,2483,7426,2625,41785,49471,94,29,1555
322,84,33136,2735,1387,4765,1177,7330,1057,1231,1551,2068,2483,25904,1398,50963,62161,82,29,1826
323,85,33137,7536,4662,8138,2716,15516,1057,1231,1551,2068,2483,14033,1908,95898,113876,83,28,921
324,86,33139,7417,7947,14483,9354,31784,1057,1231,1551,2068,2483,39919,1578,116463,138014,66,22,777
325,87,33140,8544,5863,4591,6865,17318,1057,1231,1551,2068,2483,14455,633,163134,195799,94,22,1101
326,88,33141,5570,5998,11367,4957,22322,1057,1231,1551,2068,2483,6582,1713,76279,90289,82,29,756
327,89,33142,2115,6791,12368,2145,21305,1057,1231,1551,2068,2483,31256,5438,37394,44332,105,30,1638
328,90,33144,3768,5173,3845,352,9370,1057,1231,1551,2068,2483,10864,1664,63546,75239,117,26,1204
329,91,33145,4419,5446,5813,1028,12287,1057,1231,1551,2068,2483,7334,1544,77268,91764,105,25,1810
330,92,33146,11423,3553,1501,688,5743,1057,1231,1551,2068,2483,11985,545,201719,238638,118,20,767
331,93,33147,2153,8049,7411,1609,17069,1057,1231,1551,2068,2483,9321,4669,43848,51865,118,31,1939
332,94,33149,15777,3322,1599,2199,7120,1057,1231,1551,2068,2483,4643,481,239170,285708,130,22,137
333,95,33150,3000,4032,5446,1062,10540,1057,1231,1551,2068,2483,5541,4053,45924,54164,110,32,1189
334,96,33154,16001,4229,2573,3318,10120,1057,1231,1551,2068,2483,7219,811,142014,168741,93,27,338
335,97,33157,4087,14706,6843,1599,23148,1057,1231,1551,2068,2483,22811,4448,89659,105573,121,32,571
336,98,33158,9097,1923,240,121,2283,1057,1231,1551,2068,2483,1527,171,232811,275750,141,30,422
337,99,33160,7656,14175,11224,16360,41759,1057,1231,1551,2068,2483,17212,2166,105469,124766,79,30,348
338,100,33161,2775,8040,9388,2016,19443,1057,1231,1551,2068,2483,14670,4511,55553,65881,114,31,686
339,101,33162,2368,7606,5237,1601,14444,1057,1231,1551,2068,2483,17655,3782,59179,70085,124,29,865
340,102,33165,3804,12338,5043,530,17911,1057,1231,1551,2068,2483,14774,1963,73190,86826,128,29,1223
341,103,33166,4814,5203,4224,1224,10650,1057,1231,1551,2068,2483,64196,1588,85148,101342,95,22,414
342,104,33167,2313,3549,2582,541,6672,1057,1231,1551,2068,2483,4473,1511,50389,59603,123,32,1134
343,105,33168,2453,5159,1588,451,7197,1057,1231,1551,2068,2483,7294,2708,59140,70117,145,32,2063
344,106,33169,3210,7888,5599,1187,14674,1057,1231,1551,2068,2483,29389,3685,57953,68747,116,30,882
345,107,33170,3537,2335,1671,405,4410,1057,1231,1551,2068,2483,4063,1025,57999,68788,126,30,1510
346,108,33172,2203,8428,6964,1511,16904,1057,1231,1551,2068,2483,56015,1923,64223,80302,110,26,547
347,109,33173,3999,8259,3605,771,12634,1057,1231,1551,2068,2483,10229,964,90633,107346,115,31,387
348,110,33174,2916,6024,4457,407,10888,1057,1231,1551,2068,2483,8545,1779,62741,74198,113,28,287
349,111,33175,3702,12960,3237,467,16664,1057,1231,1551,2068,2483,10897,2369,78734,93292,134,34,572
350,112,33176,4246,13462,5214,1210,19886,1057,1231,1551,2068,2483,29139,2574,113539,134437,117,30,517
351,113,33177,3182,11920,3780,802,16502,1057,1231,1551,2068,2483,5448,2765,71661,85036,137,35,307
352,114,33179,2428,12077,5569,2109,19755,1057,1231,1551,2068,2483,12024,3374,68685,80997,98,29,424
353,115,33180,5277,9667,5335,6725,21727,1057,1231,1551,2068,2483,25002,1668,118074,139761,92,27,411
117,0,33181,3517,3898,4351,1685,9935,1057,1231,1551,2068,2483,21870,1798,78736,93258,88,29,253
118,1,33182,4128,3286,530,96,3913,1057,1231,1551,2068,2483,7305,262,90007,106564,147,32,600
119,2,33183,2925,8906,3439,634,12978,1057,1231,1551,2068,2483,7585,1916,72485,85572,120,34,258
120,3,33184,3506,5103,1625,166,6894,1057,1231,1551,2068,2483,7089,1063,68673,81469,128,31,463
121,4,33185,4785,7037,1566,264,8867,1057,1231,1551,2068,2483,2435,877,103675,122747,148,38,573
122,5,33186,3555,16779,7342,1318,25438,1057,1231,1551,2068,2483,34760,2600,83870,99297,118,34,499
123,6,33187,4288,4493,952,304,5749,1057,1231,1551,2068,2483,2596,1142,94885,112652,146,36,555
124,7,33189,3070,5408,3559,751,9717,1057,1231,1551,2068,2483,9269,1459,73041,86657,113,32,1102
125,8,33190,4607,2340,2478,515,5332,1057,1231,1551,2068,2483,1199,903,73354,87043,117,32,1526
126,9,33193,3129,9471,4896,825,15193,1057,1231,1551,2068,2483,4722,2208,70692,83610,130,38,558
127,10,33194,5177,1412,363,90,1866,1057,1231,1551,2068,2483,866,520,110768,130873,143,34,294
128,11,33196,4019,11110,4817,1169,17096,1057,1231,1551,2068,2483,11425,2667,88104,104945,135,35,742
129,12,33301,9159,6061,5013,3232,14306,1059,1198,1510,2161,2614,26889,814,159738,181891,77,21,660
130,13,33304,7095,4702,6013,3282,13996,1059,1198,1510,2161,2614,12681,828,111004,127664,74,23,984
131,14,33305,7172,3925,2968,1606,8499,1059,1198,1510,2161,2614,4621,410,110793,127516,74,21,442
132,15,33306,6310,1284,687,442,2413,1059,1198,1510,2161,2614,4486,203,133050,153442,82,23,780
133,16,33308,6437,11600,5120,6813,23533,1059,1198,1510,2161,2614,20936,1418,119959,138013,75,22,339
134,17,33309,2958,9244,4990,1650,15885,1059,1198,1510,2161,2614,58952,3523,66151,75986,99,24,402
135,18,33311,2674,11497,11975,3545,27017,1059,1198,1510,2161,2614,16932,7267,49250,56678,104,27,430
136,19,33312,4076,11734,7666,2751,22150,1059,1198,1510,2161,2614,20785,4148,78492,90805,103,25,457
137,20,33313,1938,12821,10688,4543,28053,1059,1198,1510,2161,2614,14473,6307,48209,55495,101,28,340
138,21,33314,3563,6761,5301,1313,13375,1059,1198,1510,2161,2614,25511,1936,67625,77687,90,25,203
139,22,33315,4566,3312,2895,894,7101,1059,1198,1510,2161,2614,18974,647,85645,98918,85,21,1043
140,23,33316,8538,3925,2717,2869,9511,1059,1198,1510,2161,2614,27448,434,135103,155313,77,21,524
141,24,33317,3669,9941,3043,1003,13987,1059,1198,1510,2161,2614,18451,2234,84105,96983,114,25,418
142,25,33319,2698,15467,6192,5103,26763,1059,1198,1510,2161,2614,11788,3535,60097,69225,87,28,246
143,26,33321,2833,17414,4860,2775,25049,1059,1198,1510,2161,2614,14091,1895,62535,72023,84,27,144
144,27,33322,2366,14837,3581,3149,21567,1059,1198,1510,2161,2614,7653,1600,71926,82972,87,27,130
145,28,33323,4725,6482,2107,1055,9645,1059,1198,1510,2161,2614,30235,1299,110896,127799,124,28,137
146,29,33324,3640,13084,7370,2632,23086,1059,1198,1510,2161,2614,34521,2482,93627,108123,92,25,153
147,30,33325,5615,8658,2040,1162,11861,1059,1198,1510,2161,2614,13054,1275,110261,127369,122,28,235
148,31,33326,5616,8747,3538,2855,15139,1059,1198,1510,2161,2614,11258,1651,112421,128574,118,29,105
149,32,33327,8957,5656,1251,505,7412,1059,1198,1510,2161,2614,3412,1894,156617,180482,153,31,78
150,33,33328,5259,8905,2288,563,11755,1059,1198,1510,2161,2614,12342,1209,105363,120641,114,28,111
151,34,33330,8400,4274,447,210,4930,1059,1198,1510,2161,2614,8820,604,165725,191930,142,31,154
152,35,33331,7678,6620,1302,510,8432,1059,1198,1510,2161,2614,17215,1180,149568,173151,143,30,121
153,36,33332,9568,2709,367,269,3345,1059,1198,1510,2161,2614,3110,658,163275,188026,146,30,105
154,37,33334,3806,7270,5970,1653,14894,1059,1198,1510,2161,2614,16792,2048,74440,85625,91,22,562
155,38,33351,2997,8247,4608,1284,14138,1059,1198,1510,2161,2614,16417,2404,71454,82342,107,27,309
156,39,33401,4530,7509,8721,5926,22155,983,1180,1468,1984,2387,38342,1840,95254,111315,77,20,587
157,40,33403,2932,2628,2458,870,5956,983,1180,1468,1984,2387,9397,569,63433,73860,97,21,346
158,41,33404,5708,7459,4809,5400,17668,983,1180,1468,1984,2387,18137,2456,82588,97367,94,24,722
159,42,33406,2786,5993,3071,810,9874,983,1180,1468,1984,2387,15617,1634,74898,87399,108,23,103
160,43,33407,2626,5957,5845,2576,14378,983,1180,1468,1984,2387,26600,3220,59523,69316,98,22,805
161,44,33408,5839,7019,2635,3324,12979,983,1180,1468,1984,2387,16823,440,125542,147453,83,20,211
162,45,33409,2677,5595,6209,2082,13886,983,1180,1468,1984,2387,21093,1661,65563,76383,96,23,319
163,46,33410,5927,10988,4890,2626,18504,983,1180,1468,1984,2387,25178,938,107665,124722,92,21,231
164,47,33411,3602,21918,6574,4371,32863,983,1180,1468,1984,2387,25307,3248,91824,107341,110,33,376
165,48,33412,6710,5158,755,821,6733,983,1180,1468,1984,2387,2039,664,128041,149740,115,39,543
166,49,33413,3483,3469,2126,591,6187,983,1180,1468,1984,2387,5429,968,77783,90426,113,25,475
167,50,33414,5656,16182,4858,3313,24353,983,1180,1468,1984,2387,18788,2979,113449,131872,123,30,73
168,51,33415,1893,12542,6560,2761,21862,983,1180,1468,1984,2387,6491,3847,56132,65089,103,27,72
169,52,33417,1432,10171,5619,4754,20544,983,1180,1468,1984,2387,10713,2183,48452,56493,76,25,45
170,53,33418,6898,15912,4914,4502,25328,983,1180,1468,1984,2387,14612,1123,143829,167059,95,22,130
171,54,33426,2912,7741,3615,2514,13870,983,1180,1468,1984,2387,19579,1619,68830,80200,84,23,299
172,55,33428,3376,12508,3886,1902,18296,983,1180,1468,1984,2387,14248,2301,95297,110334,110,26,48
173,56,33430,1613,2489,3897,895,7280,983,1180,1468,1984,2387,6103,1951,36312,42282,108,26,245
174,57,33431,6178,5790,2409,1411,9611,983,1180,1468,1984,2387,43609,1483,125757,145944,94,19,217
175,58,33432,8587,7574,4312,4404,16291,983,1180,1468,1984,2387,16350,712,147221,170601,85,20,120
176,59,33434,2859,8974,1800,3848,14621,983,1180,1468,1984,2387,7881,778,106376,123637,81,24,57
177,60,33435,3539,10538,5262,5277,21077,983,1180,1468,1984,2387,10776,3119,80009,93031,92,24,381
178,61,33436,3239,14415,5106,3588,23109,983,1180,1468,1984,2387,11136,1896,78425,91292,89,24,205
179,62,33437,3432,16296,2961,2658,21915,983,1180,1468,1984,2387,7291,1375,85133,99035,79,25,110
180,63,33438,1408,107,59,26,192,983,1180,1468,1984,2387,159,76,50163,58438,94,29,22
181,64,33440,1533,4576,1948,1172,7696,629,644,734,1050,1213,4882,1128,53023,59886,109,23,186
182,65,33441,3939,6657,5214,2405,14277,1059,1198,1510,2161,2614,13431,2071,70272,81051,87,22,325
183,66,33442,2264,11323,4669,5219,21212,1059,1198,1510,2161,2614,23362,1582,61437,70937,74,24,107
184,67,33444,4276,5237,3728,1382,10346,983,1180,1468,1984,2387,11546,1573,85583,99495,102,22,353
185,68,33445,2990,10787,4016,3197,18000,983,1180,1468,1984,2387,14064,1719,74006,86057,86,21,511
186,69,33446,4076,13867,2369,4601,20837,983,1180,1468,1984,2387,5811,1069,117139,141516,81,23,274
187,70,33449,6209,3543,635,532,4710,983,1180,1468,1984,2387,1615,230,128445,149152,131,30,280
188,71,33455,7289,8391,1772,2173,12337,926,932,1211,1618,1830,4779,859,100624,117269,84,25,68
189,72,33458,5338,16385,6336,2683,25404,983,1180,1468,1984,2387,19422,1881,123008,143739,107,22,147
190,73,33460,3099,5792,6376,2537,14705,983,1180,1468,1984,2387,7699,1746,59319,69063,100,25,621
191,74,33461,2049,8527,6899,2959,18384,983,1180,1468,1984,2387,12267,2160,53899,62733,101,25,118
192,75,33462,3494,8791,4781,2906,16478,983,1180,1468,1984,2387,16007,2009,77492,90027,95,24,181
193,76,33463,2859,15342,5161,2915,23418,983,1180,1468,1984,2387,11858,3829,69750,81440,117,28,173
194,77,33467,3433,19686,2566,3506,25758,983,1180,1468,1984,2387,10184,2053,95170,110757,100,29,106
195,78,33469,6632,6077,1105,1866,9047,926,932,1211,1618,1830,4254,321,126340,147807,90,23,144
196,79,33470,4858,8510,1335,963,10807,983,1180,1468,1984,2387,5902,2072,98727,114822,127,38,283
197,80,33471,990,1592,560,880,3032,673,675,785,976,1114,1278,189,51225,54940,88,25,144
198,81,33472,3780,8124,819,904,9847,983,1180,1468,1984,2387,2373,904,107114,126992,96,25,130
199,82,33473,7393,4877,1420,992,7289,983,1180,1468,1984,2387,476,353,172484,200635,163,32,303
200,83,33476,1158,1077,1207,380,2664,983,1180,1468,1984,2387,1532,1298,38903,45392,108,29,189
201,0,33477,6888,6472,1482,4425,12379,983,1180,1468,1984,2387,6811,356,132888,154548,78,24,175
202,1,33478,6629,5161,638,440,6239,983,1180,1468,1984,2387,4135,317,129797,152584,124,31,40
203,2,33480,31044,4629,802,4583,10013,983,1180,1468,1984,2387,12352,145,272207,316237,80,15,100
204,3,33483,9689,5266,2178,2900,10344,983,1180,1468,1984,2387,10505,754,167190,193986,84,22,435
205,4,33484,2099,12626,2557,4483,19666,983,1180,1468,1984,2387,6580,1135,65543,76116,66,20,195
206,5,33486,5207,6410,2391,1074,9875,983,1180,1468,1984,2387,11309,590,110412,128344,102,20,246
207,6,33487,6451,7907,2046,3455,13408,983,1180,1468,1984,2387,38789,600,130915,151078,80,19,52
208,7,33493,1322,505,430,250,1185,983,1180,1468,1984,2387,1387,177,57150,66531,124,26,243
209,8,33496,6111,8563,1494,1862,11919,983,1180,1468,1984,2387,10145,797,168966,196856,98,21,49
210,9,33498,5189,4920,481,458,5858,983,1180,1468,1984,2387,4277,389,125357,145781,120,27,33
211,10,33503,3100,46,21,7,74,989,1040,1271,1651,2028,0,0,88809,101631,104,27,194
212,11,33510,2227,7082,3676,800,11558,989,1040,1271,1651,2028,6732,1084,69915,80040,96,26,292
213,12,33511,2653,12739,10592,1704,25035,989,1040,1271,1651,2028,24842,2287,71593,82057,92,27,260
214,13,33513,902,3349,917,1305,5570,716,718,946,1278,1283,4159,631,56242,66172,84,30,69
215,14,33514,842,499,155,149,804,716,718,946,1278,1283,473,101,53509,63030,98,31,45
216,15,33521,796,358,70,111,538,716,718,946,1278,1283,283,34,74281,89007,60,27,37
217,16,33523,1402,4825,1854,1072,7751,989,1040,1271,1651,2028,3041,600,64678,72684,99,31,187
218,17,33525,2067,5750,1730,1465,8944,989,1040,1271,1651,2028,7940,783,69543,78909,91,25,200
219,18,33527,2596,3283,1498,585,5367,989,1040,1271,1651,2028,2545,740,72222,82616,116,26,376
220,19,33534,2767,3460,2159,969,6587,989,1040,1271,1651,2028,2591,815,62378,71460,104,26,478
221,20,33538,705,1653,440,759,2852,716,718,946,1278,1283,786,182,49428,58758,77,31,79
222,21,33540,1049,3516,757,1311,5584,989,1040,1271,1651,2028,2262,308,55590,62714,81,29,253
223,22,33541,1644,8894,1510,3612,14016,989,1040,1271,1651,2028,5874,777,53749,60736,77,29,118
224,23,33542,1130,7842,2510,3487,13840,989,1040,1271,1651,2028,4592,890,47408,53498,73,25,226
225,24,33543,3537,10272,2264,1719,14255,989,1040,1271,1651,2028,9559,1045,97693,110639,101,32,72
226,25,33544,4151,8361,2812,1262,12434,989,1040,1271,1651,2028,7716,1249,99675,113450,110,32,101
227,26,33545,3541,5896,1681,839,8417,989,1040,1271,1651,2028,2270,766,93322,106665,110,33,223
228,27,33547,5284,6492,2148,619,9259,989,1040,1271,1651,2028,3912,685,126211,145356,127,32,233
229,28,33548,4657,2289,502,224,3015,989,1040,1271,1651,2028,2390,237,126530,144965,104,27,424
230,29,33549,3043,5381,1636,620,7636,989,1040,1271,1651,2028,7438,431,89927,102691,97,26,239
231,30,33556,4966,9066,1892,1087,12046,989,1040,1271,1651,2028,2923,932,132552,151446,110,29,224
232,31,33558,4684,7371,3441,1074,11886,989,1040,1271,1651,2028,4219,1091,112865,128142,100,30,200
233,32,33559,2785,4588,2699,733,8020,989,1040,1271,1651,2028,3777,860,76585,87346,91,30,191
234,33,33563,1380,5681,3872,1257,10809,989,1040,1271,1651,2028,12253,1451,55460,63636,98,22,413
235,34,33565,2350,5457,1226,706,7389,989,1040,1271,1651,2028,2031,693,73146,83789,102,26,394
236,35,33566,2208,4993,2374,712,8078,989,1040,1271,1651,2028,8413,830,79546,90525,107,24,247
237,36,33567,2252,3009,1044,380,4433,989,1040,1271,1651,2028,2143,658,70659,80858,113,27,301
354,0,33569,3310,8393,2363,1207,11962,989,1040,1271,1651,2028,9928,1552,87173,100534,106,27,233
355,1,33570,3140,6985,3007,2195,12187,989,1040,1271,1651,2028,4464,962,71461,82748,104,26,375
356,2,33572,4998,6853,2463,1429,10746,989,1040,1271,1651,2028,4188,605,111121,127182,98,30,271
357,3,33573,2551,12562,3892,2853,19307,989,1040,1271,1651,2028,4670,419,64187,74338,65,18,224
358,4,33576,2032,1857,308,318,2483,989,1040,1271,1651,2028,1831,205,87684,98954,81,26,151
359,5,33578,3116,14886,8951,2600,26436,989,1040,1271,1651,2028,10709,3005,75327,86240,93,25,401
360,6,33579,4337,12206,4732,1454,18392,989,1040,1271,1651,2028,2008,2936,91701,105146,112,31,280
361,7,33584,2384,7166,2627,822,10615,989,1040,1271,1651,2028,7850,1559,73050,83643,102,26,244
362,8,33585,1003,341,97,82,520,716,718,946,1278,1283,644,64,60684,72122,85,29,38
363,9,33592,2368,2804,1475,591,4871,989,1040,1271,1651,2028,1835,600,62544,71743,89,25,370
364,10,33594,2831,10219,2562,1001,13782,989,1040,1271,1651,2028,5136,1262,80652,92342,103,27,335
365,11,33596,3409,9262,1403,496,11161,989,1040,1271,1651,2028,2488,831,113571,129969,117,30,232
366,12,33597,861,2730,617,840,4187,716,718,946,1278,1283,954,520,56812,66215,90,32,104
367,13,33598,3898,5708,2964,1203,9875,989,1040,1271,1651,2028,1600,868,76912,88075,120,30,178
368,14,33602,4689,5697,5563,2840,14100,989,1040,1271,1651,2028,33025,536,124477,143151,67,22,557
369,15,33603,2235,4646,3456,1185,9287,989,1040,1271,1651,2028,6770,948,60883,69862,87,23,614
370,16,33604,1837,8546,6514,2367,17428,989,1040,1271,1651,2028,7100,2578,55633,63468,87,24,660
371,17,33605,1403,3126,4061,1371,8559,989,1040,1271,1651,2028,19127,1421,43085,50094,83,25,796
372,18,33606,5884,4940,4976,1198,11114,989,1040,1271,1651,2028,21687,1097,135114,154308,76,18,666
373,19,33607,2008,5433,5976,1793,13202,989,1040,1271,1651,2028,64725,1788,60094,69072,85,23,640
374,20,33609,4656,4851,3383,1017,9252,989,1040,1271,1651,2028,30312,461,116539,133218,80,17,738
375,21,33610,1426,8528,7621,2012,18161,989,1040,1271,1651,2028,44869,2940,46750,53608,91,25,607
376,22,33611,3626,9542,6731,1919,18192,989,1040,1271,1651,2028,11069,984,102171,116670,79,20,656
377,23,33612,1667,7597,11011,3118,21726,989,1040,1271,1651,2028,34020,3347,48469,55452,84,26,514
378,24,33613,2584,4797,10359,2463,17619,989,1040,1271,1651,2028,13679,2201,53398,60977,72,26,214
379,25,33614,1780,7693,10884,2035,20611,989,1040,1271,1651,2028,34041,2148,51016,58367,86,23,271
380,26,33615,2397,10727,7638,2059,20424,989,1040,1271,1651,2028,12013,2230,71723,82122,91,27,133
381,27,33616,3104,3650,3834,1003,8487,989,1040,1271,1651,2028,2956,928,85418,97462,87,21,603
382,28,33617,1898,8165,9893,2447,20505,989,1040,1271,1651,2028,16483,2462,58734,67085,81,22,260
383,29,33618,3276,7853,4113,871,12836,989,1040,1271,1651,2028,15104,760,110402,126497,90,25,149
384,30,33619,1674,8302,6366,1842,16511,989,1040,1271,1651,2028,50421,2719,56345,65286,93,25,335
385,31,33620,0,0,45,1,46,989,1040,1271,1651,2028,5455,72,277954,318206,141,12,106
386,32,33621,5419,96,422,38,556,989,1040,1271,1651,2028,6826,84,72806,83350,119,12,419
387,33,33624,2663,10817,5108,1254,17178,989,1040,1271,1651,2028,10074,1339,83751,96064,95,27,103
388,34,33625,2929,7729,3758,613,12100,989,1040,1271,1651,2028,10458,938,83221,95202,98,27,114
389,35,33626,5246,8784,4218,974,13976,989,1040,1271,1651,2028,9815,981,129236,148087,107,30,249
390,36,33629,6397,7889,2865,902,11655,989,1040,1271,1651,2028,8568,627,167050,191216,95,19,723
391,37,33634,2420,4867,3562,667,9095,989,1040,1271,1651,2028,35868,1444,69296,79134,99,23,228
392,38,33635,3226,5190,2536,925,8652,989,1040,1271,1651,2028,3044,797,82947,95193,90,28,147
393,39,33637,1867,3520,4094,842,8457,989,1040,1271,1651,2028,12304,906,63229,72515,84,25,190
394,40,33647,4880,15929,10225,2593,28747,989,1040,1271,1651,2028,20910,2993,115861,132423,105,29,329
395,41,33701,5854,5299,6714,3925,15939,989,1040,1271,1651,2028,24568,908,103132,119960,60,23,355
396,42,33702,2357,9428,4771,2283,16483,989,1040,1271,1651,2028,15491,1146,76256,88571,79,22,216
397,43,33703,3359,8353,2263,1325,11941,989,1040,1271,1651,2028,3445,1027,94796,109203,85,23,244
398,44,33704,4825,4950,2652,1090,8691,989,1040,1271,1651,2028,4173,626,119358,137809,83,20,380
399,45,33705,2405,6858,5223,3073,15153,989,1040,1271,1651,2028,8212,1238,67476,77651,82,24,405
400,46,33706,5722,5495,2815,4502,12812,989,1040,1271,1651,2028,8728,651,104735,120756,72,24,163
401,47,33707,2959,8886,4614,3493,16993,989,1040,1271,1651,2028,8578,974,74363,85494,70,23,255
402,48,33708,4826,5487,2285,4134,11906,989,1040,1271,1651,2028,5539,419,88367,102062,73,23,198
403,49,33709,1595,9284,3459,2665,15408,989,1040,1271,1651,2028,8756,924,54383,62694,76,21,198
404,50,33710,2262,10856,3525,1747,16128,989,1040,1271,1651,2028,15104,1067,73322,84665,83,21,360
405,51,33711,2430,4743,2743,1730,9216,989,1040,1271,1651,2028,7725,1162,61294,70923,84,22,284
406,52,33712,1918,5731,5032,1927,12690,989,1040,1271,1651,2028,6124,1531,60926,70405,86,25,259
407,53,33713,2039,8977,4350,2205,15533,989,1040,1271,1651,2028,12722,1082,65554,75652,81,22,395
408,54,33714,1619,5247,3240,1739,10226,989,1040,1271,1651,2028,5404,1025,47111,54406,77,22,387
409,55,33715,5334,3442,657,2441,6540,989,1040,1271,1651,2028,1855,190,140493,162496,78,27,282
410,56,33716,2303,3027,7502,1689,12218,989,1040,1271,1651,2028,50063,782,68385,79075,65,20,153
411,57,33744,0,5,2,1,8,989,1040,1271,1651,2028,81,1,97201,112180,76,18,306
412,58,33755,2305,5961,4757,1967,12685,989,1040,1271,1651,2028,7923,1559,61680,71186,85,21,294
413,59,33756,2621,8028,5674,2484,16186,989,1040,1271,1651,2028,19422,2294,74593,86222,79,22,229
414,60,33759,2682,4859,3617,1480,9957,989,1040,1271,1651,2028,9950,458,69443,79931,79,22,88
415,61,33760,1897,3679,3203,1107,7989,989,1040,1271,1651,2028,18160,519,61535,71088,81,22,67
416,62,33761,2571,7629,1914,1431,10973,989,1040,1271,1651,2028,11919,627,77201,89318,76,23,101
417,63,33762,2903,1847,798,318,2963,989,1040,1271,1651,2028,22852,542,95849,110512,75,20,114
418,64,33763,1579,7001,2467,1967,11435,989,1040,1271,1651,2028,6007,616,57743,66575,68,22,144
419,65,33764,2335,9096,3603,3159,15858,989,1040,1271,1651,2028,11592,949,74238,85881,79,21,225
420,66,33765,2294,3361,2946,879,7185,989,1040,1271,1651,2028,12724,407,60094,69366,78,22,292
421,67,33767,7384,3369,1060,3434,7863,989,1040,1271,1651,2028,3803,326,139164,160578,73,24,137
422,68,33770,2321,7509,5053,2359,14921,989,1040,1271,1651,2028,8986,1261,70235,81101,75,23,200
423,69,33771,1554,9781,5753,3277,18811,989,1040,1271,1651,2028,13709,1834,53689,61972,69,21,45
424,70,33772,2180,8449,2734,2104,13288,989,1040,1271,1651,2028,6950,655,73284,84666,79,22,148
425,71,33773,2021,5842,1988,1370,9200,989,1040,1271,1651,2028,16192,468,69511,79970,81,20,169
426,72,33774,2466,6368,2302,1771,10441,989,1040,1271,1651,2028,6143,1015,72127,83265,79,24,121
427,73,33776,3378,4597,702,438,5737,989,1040,1271,1651,2028,2119,499,94114,108738,94,23,220
428,74,33777,2497,6065,1511,1087,8663,989,1040,1271,1651,2028,11414,638,87596,101923,89,21,223
429,75,33778,1859,5419,1387,1164,7970,989,1040,1271,1651,2028,2431,661,67032,77127,82,22,191
430,76,33781,1775,7207,3790,1272,12269,989,1040,1271,1651,2028,16103,1062,58936,67990,85,21,221
431,77,33782,1870,7313,2352,1299,10964,989,1040,1271,1651,2028,7573,760,60918,70245,80,20,171
432,78,33785,6252,1768,941,2572,5281,989,1040,1271,1651,2028,1800,129,115177,132808,72,25,117
433,79,33786,7925,621,74,310,1005,989,1040,1271,1651,2028,249,81,130642,150774,86,28,29
434,80,33801,1231,7619,6190,2372,16181,794,799,1023,1375,1764,24008,2893,48002,53046,82,24,437
435,81,33803,2032,8009,5023,2450,15482,794,799,1023,1375,1764,16298,1764,73325,81089,81,21,592
436,82,33805,1511,5457,4672,1861,11991,794,799,1023,1375,1764,17358,1891,49864,55724,89,23,678
437,83,33809,1679,9375,3678,1766,14818,794,799,1023,1375,1764,10287,2141,65876,72922,90,26,78
438,84,33810,1772,14704,4712,2407,21823,794,799,1023,1375,1764,6632,2685,66676,73897,96,28,84
439,85,33811,1986,6773,2586,1062,10422,794,799,1023,1375,1764,15159,1057,73493,81348,95,24,83
440,86,33812,2251,4595,1375,605,6576,794,799,1023,1375,1764,2047,886,95214,105710,109,23,49
441,87,33813,2538,11200,2526,1136,14862,794,799,1023,1375,1764,10876,1819,102888,113426,104,22,100
442,88,33815,1060,3753,2565,1960,8278,794,799,1023,1375,1764,8411,922,47917,53329,85,21,797
443,89,33823,1614,9221,3275,1900,14396,794,799,1023,1375,1764,10654,2103,64993,72104,95,25,259
444,90,33825,952,7353,2492,2720,12565,575,661,871,1100,1183,4112,1209,55108,60643,86,23,177
445,91,33827,2036,836,211,334,1380,794,799,1023,1375,1764,494,318,73420,81104,93,24,70
446,92,33830,1272,7741,3559,1683,12983,794,799,1023,1375,1764,13297,1883,63028,69959,97,23,381
447,93,33834,2673,1346,555,444,2346,565,569,750,972,1168,1372,237,51883,59248,116,26,194
448,94,33837,2595,9516,3240,5109,17865,794,799,1023,1375,1764,5685,1195,69465,77101,93,29,127
449,95,33838,1563,1170,410,342,1922,794,799,1023,1375,1764,1072,252,49412,54763,95,22,365
450,96,33839,1681,778,307,145,1230,794,799,1023,1375,1764,583,94,56719,62792,95,24,147
451,97,33841,1238,2306,818,692,3817,794,799,1023,1375,1764,1413,626,57232,63304,102,30,271
452,98,33843,1162,3001,901,1585,5488,794,799,1023,1375,1764,1788,594,56561,62578,91,27,194
453,99,33844,2048,11259,4914,5705,21878,794,799,1023,1375,1764,8307,2008,55173,61635,94,29,275
454,100,33847,1093,54,17,11,82,794,799,1023,1375,1764,38,15,58266,64424,101,32,413
455,101,33848,1640,296,99,285,680,1055,1140,1321,1713,2057,1003,191,63436,71345,91,25,431
456,102,33849,1493,241,52,35,328,794,799,1023,1375,1764,86,42,63575,70400,111,31,220
457,0,33850,1576,2615,964,770,4350,794,799,1023,1375,1764,1684,466,58788,64956,85,30,198
458,1,33851,1755,354,86,70,510,794,799,1023,1375,1764,474,58,60688,67102,93,25,90
459,2,33853,1297,2810,2157,931,5899,794,799,1023,1375,1764,8161,1591,57606,63765,88,22,509
460,3,33854,695,73,76,126,275,794,799,1023,1375,1764,0,0,47538,52563,60,30,161
461,4,33855,1555,17,2,11,29,794,799,1023,1375,1764,0,0,53459,59109,81,34,161
462,5,33856,0,201,207,345,753,794,799,1023,1375,1764,0,0,47538,52563,55,30,161
463,6,33857,1239,726,171,375,1272,575,661,871,1100,1183,220,13,44564,49068,75,28,148
464,7,33859,2485,3354,1314,1024,5692,794,799,1023,1375,1764,3568,842,51454,57027,83,24,188
465,8,33860,1544,6986,2429,1226,10641,794,799,1023,1375,1764,7751,1663,64919,71955,104,28,132
466,9,33865,1367,218,87,36,342,565,569,750,972,1168,100,48,53001,60347,97,25,261
467,10,33867,706,38,8,31,77,794,799,1023,1375,1764,3,2,71102,78616,65,24,155
468,11,33868,1592,3494,785,807,5086,794,799,1023,1375,1764,1257,550,63008,69581,96,31,99
469,12,33870,1113,6796,3051,3125,12972,575,661,871,1100,1183,11046,894,47580,52575,76,20,194
470,13,33872,1350,5575,1289,1759,8624,575,661,871,1100,1183,3026,211,56354,62292,76,19,123
471,14,33873,1240,2934,1576,695,5206,565,569,750,972,1168,4364,534,56587,64385,110,26,275
472,15,33875,1481,4357,788,896,6041,575,661,871,1100,1183,963,165,65706,72490,84,21,97
473,16,33876,1310,1821,471,713,3004,575,661,871,1100,1183,669,64,52153,57508,80,22,154
474,17,33877,852,76,44,26,147,794,799,1023,1375,1764,123,47,44884,49628,72,23,102
475,18,33880,1437,10183,4985,2592,17760,794,799,1023,1375,1764,16101,2089,58728,64931,98,24,295
476,0,33881,1729,10803,5002,3172,18976,794,799,1023,1375,1764,10494,2689,55876,61894,82,24,390
477,1,33884,2243,10382,3252,2422,16056,794,799,1023,1375,1764,5716,1377,73153,80873,88,22,123
478,2,33890,1140,1192,306,296,1794,565,569,750,972,1168,546,178,59028,67122,113,26,124
479,3,33896,3025,3004,1457,4059,8520,794,799,1023,1375,1764,2020,579,72348,80080,94,29,182
480,4,33897,2462,5240,1870,6679,13789,794,799,1023,1375,1764,2703,1031,68277,75679,96,28,129
481,5,33898,1469,5946,1658,3001,10606,794,799,1023,1375,1764,2252,1078,60241,66621,85,28,257
482,6,33901,2582,4494,5116,2598,12208,931,951,1197,1559,1762,26360,991,65063,74599,75,22,550
483,7,33903,1782,9115,2840,4247,16203,931,951,1197,1559,1762,7112,1471,57582,65927,71,22,145
484,8,33904,3572,11647,3879,5766,21292,931,951,1197,1559,1762,9707,1400,71894,81921,79,24,132
485,9,33905,2234,9122,4456,3888,17466,931,951,1197,1559,1762,11585,1938,64961,74832,92,28,226
486,10,33907,1626,5651,6299,3544,15494,931,951,1197,1559,1762,20437,1186,58078,65950,74,21,194
487,11,33909,2623,7348,3573,2505,13426,931,951,1197,1559,1762,5490,2412,62332,71166,99,26,151
488,12,33913,4897,9895,3270,5737,18902,931,951,1197,1559,1762,22304,1222,110007,125050,92,27,461
489,13,33914,4764,13658,4513,5847,24018,931,951,1197,1559,1762,5816,1382,85058,96928,93,25,85
490,14,33916,2088,5183,5811,3693,14687,931,951,1197,1559,1762,11562,1533,52622,60332,89,23,534
491,15,33917,1873,12030,2403,4550,18983,931,951,1197,1559,1762,5079,1230,60767,69353,77,27,163
492,16,33919,2199,11648,4119,4819,20587,931,951,1197,1559,1762,13249,870,76890,87777,73,19,204
493,17,33920,2857,2330,561,585,3475,931,951,1197,1559,1762,584,269,92794,105582,96,34,130
494,18,33921,21479,811,96,1965,2872,931,951,1197,1559,1762,535,2,181592,206727,83,7,155
495,19,33922,2977,1626,377,973,2976,931,951,1197,1559,1762,332,119,60218,68595,77,28,194
496,20,33924,15327,298,135,3883,4317,931,951,1197,1559,1762,486,0,195417,222694,77,17,142
497,21,33928,3505,11052,2926,6706,20684,931,951,1197,1559,1762,10394,849,103709,118494,84,25,130
498,22,33930,2157,188,71,42,301,629,644,734,1050,1213,218,74,50772,57389,117,26,303
499,23,33931,5039,4320,1168,7496,12984,931,951,1197,1559,1762,4618,136,94157,107442,70,20,145
500,24,33935,1722,5262,2348,1848,9458,629,644,734,1050,1213,3991,1011,59896,67139,111,31,304
501,25,33936,1409,6612,2754,2398,11764,931,951,1197,1559,1762,3205,1244,52251,59625,82,28,165
502,26,33944,627,93,28,43,164,673,675,785,976,1114,5,4,60337,64733,90,36,140
503,27,33945,8100,29,4,364,396,931,951,1197,1559,1762,7,0,197467,225065,85,30,141
504,28,33946,6542,1245,177,1490,2912,799,866,1067,1506,1847,130,44,116756,132316,80,23,158
505,29,33947,3490,4199,863,1954,7016,799,866,1067,1506,1847,416,191,70380,80284,78,23,130
506,30,33948,2801,6293,1718,1918,9929,799,866,1067,1506,1847,6658,863,58106,65955,80,23,49
507,31,33950,4141,11133,2605,4821,18560,799,866,1067,1506,1847,9619,843,83733,95148,75,22,66
508,32,33952,2143,10154,3648,3352,17154,799,866,1067,1506,1847,16885,995,54223,61582,79,20,49
509,33,33953,3785,2845,561,1216,4621,799,866,1067,1506,1847,2705,463,78724,89103,82,24,151
510,34,33954,2557,3540,656,650,4846,799,866,1067,1506,1847,2019,291,66999,76070,92,22,59
511,35,33955,2921,4428,646,2097,7172,799,866,1067,1506,1847,944,214,89871,102557,79,28,84
512,36,33956,3171,1923,227,1314,3464,931,951,1197,1559,1762,616,156,81590,93105,70,26,142
513,37,33957,9699,3266,540,3849,7655,931,951,1197,1559,1762,3994,163,169285,192153,79,16,50
514,38,33960,987,253,64,140,457,575,661,871,1100,1183,153,19,55140,60695,88,28,134
515,39,33965,0,13,4,22,39,931,951,1197,1559,1762,309,104,114906,130965,75,11,247
516,40,33966,3089,3581,1475,1973,7030,931,951,1197,1559,1762,9047,132,96886,110950,87,18,242
517,41,33967,2560,7492,2892,1808,12192,931,951,1197,1559,1762,3675,1122,81671,93574,100,26,113
518,42,33971,1864,5505,2414,1972,9891,931,951,1197,1559,1762,5828,1318,59480,68022,110,27,153
519,43,33972,1949,3853,1353,1245,6451,931,951,1197,1559,1762,485,777,59878,68324,103,32,169
520,44,33973,2318,1658,2744,1078,5480,931,951,1197,1559,1762,936,1002,51265,58400,107,27,123
521,45,33974,1871,3548,1847,1816,7211,931,951,1197,1559,1762,559,1086,57499,65458,111,26,158
522,46,33976,1830,3440,1758,1351,6549,931,951,1197,1559,1762,104,718,57745,65855,113,28,167
523,47,33980,2191,4433,1514,2302,8249,799,866,1067,1506,1847,3850,394,60843,69358,73,21,76
524,48,33981,3455,5137,979,2223,8339,799,866,1067,1506,1847,1156,337,72504,82882,83,29,106
525,49,33982,2426,3702,747,1349,5798,799,866,1067,1506,1847,1900,347,66211,75419,80,29,102
526,50,33983,2844,5751,1737,2079,9568,799,866,1067,1506,1847,1497,553,72909,82568,84,22,63
527,51,33990,3000,8979,3879,2571,15429,931,951,1197,1559,1762,9127,1925,67968,77397,90,24,97
528,52,33991,3813,7275,2416,2156,11847,931,951,1197,1559,1762,5860,1340,81046,92860,100,24,127
529,53,33993,3455,7328,2936,2891,13154,931,951,1197,1559,1762,933,1361,74743,85290,102,29,133
530,54,34102,6902,3932,1420,3458,8810,948,1118,1376,1791,1922,18046,308,203031,259599,83,13,243
531,55,34103,9213,5195,1298,4192,10684,948,1118,1376,1791,1922,11209,376,162792,208521,83,16,256
532,56,34104,2108,7748,3738,4321,15807,948,1118,1376,1791,1922,12695,818,72943,92787,86,22,81
533,57,34108,9097,6750,1818,5360,13928,948,1118,1376,1791,1922,11008,307,167100,213493,84,19,191
534,58,34109,3825,7894,4612,3427,15934,948,1118,1376,1791,1922,20792,728,106185,135621,87,20,305
535,59,34110,4584,9753,2667,5412,17833,948,1118,1376,1791,1922,11658,919,119151,151495,82,22,110
536,60,34112,2101,9443,3425,5882,18750,948,1118,1376,1791,1922,9850,1032,76799,97829,80,22,158
537,61,34113,3821,8015,3152,5755,16922,948,1118,1376,1791,1922,6173,1275,90520,117019,96,22,314
538,62,34114,3139,7019,2398,7314,16732,948,1118,1376,1791,1922,3126,520,97300,125303,87,24,179
539,63,34116,1936,5090,4401,1243,10734,948,1118,1376,1791,1922,4440,2034,65727,83932,118,23,82
540,64,34117,2321,4395,905,643,5943,948,1118,1376,1791,1922,2484,216,84944,108400,120,32,81
541,65,34119,4276,10998,3491,4177,18666,948,1118,1376,1791,1922,9277,868,116299,149866,95,23,91
542,66,34120,3576,10583,2808,3974,17365,948,1118,1376,1791,1922,3305,1797,112256,144840,118,35,229
543,67,34134,6559,7143,1641,6548,15332,931,951,1197,1559,1762,14120,324,159699,184598,77,23,145
544,68,34137,607,62,14,49,125,948,1118,1376,1791,1922,8,1,66974,85496,157,25,161
545,69,34138,1230,87,28,100,215,948,1118,1376,1791,1922,58,5,81867,104508,88,19,161
546,70,34139,1865,138,44,159,342,948,1118,1376,1791,1922,205,18,81655,104200,87,19,161
547,71,34141,799,152,48,171,371,948,1118,1376,1791,1922,63,6,81536,103931,86,18,142
548,72,34142,2343,4794,4406,1574,10775,948,1118,1376,1791,1922,6273,4712,52808,67831,129,33,212
549,73,34201,5985,1590,357,564,2512,841,992,1275,1686,2030,2957,34,135449,160784,85,19,57
550,74,34202,6908,9055,2605,2093,13753,841,992,1275,1686,2030,6680,822,131936,157601,105,27,49
551,75,34203,2297,11550,4147,3637,19334,841,992,1275,1686,2030,10349,1224,68759,82123,92,22,143
552,76,34205,1583,7851,5608,3143,16602,841,992,1275,1686,2030,12366,1533,53219,63106,81,21,387
553,77,34207,1315,9260,5804,4338,19402,841,992,1275,1686,2030,7275,1769,50276,59760,76,21,140
554,78,34209,3005,11687,4121,3370,19177,841,992,1275,1686,2030,7549,1049,86380,102935,83,22,223
555,79,34210,2435,5029,3425,3392,11846,841,992,1275,1686,2030,3495,640,71163,84382,72,22,98
556,80,34211,5679,5145,1691,1272,8108,841,992,1275,1686,2030,2272,125,125215,148669,94,30,39
557,81,34212,4667,6914,2363,1549,10826,841,992,1275,1686,2030,1012,849,110931,131853,111,28,35
558,82,34215,4228,282,68,267,616,841,992,1275,1686,2030,136,68,80622,95758,72,25,254
559,83,34216,13037,497,130,686,1313,841,992,1275,1686,2030,296,35,125783,149329,78,26,213
560,84,34217,8213,1750,703,2576,5029,841,992,1275,1686,2030,1265,73,100166,118891,75,26,148
561,85,34219,3526,8547,1789,1272,11608,841,992,1275,1686,2030,1331,740,97435,115838,102,26,229
562,86,34221,2325,14924,4538,4867,24328,841,992,1275,1686,2030,10140,2074,77971,92371,94,22,244
563,87,34222,2024,5030,1427,1735,8192,841,992,1275,1686,2030,3050,440,68122,81068,82,23,175
564,88,34223,3197,7835,1890,4271,13997,841,992,1275,1686,2030,4343,807,74786,88291,73,23,32
565,89,34224,2459,6906,1750,3463,12120,799,866,1067,1506,1847,3330,615,63328,72326,73,23,82
566,90,34228,9552,3708,392,4541,8641,841,992,1275,1686,2030,3005,62,182322,217780,76,23,63
567,91,34229,5022,3018,460,716,4194,841,992,1275,1686,2030,2159,295,131973,156664,90,21,116
568,92,34231,2839,10192,5188,3436,18816,841,992,1275,1686,2030,14726,1041,75394,89732,76,19,64
569,93,34232,2168,10772,3861,1781,16414,841,992,1275,1686,2030,15280,1124,82434,98043,88,20,70
570,94,34233,2458,6626,2054,1194,9874,841,992,1275,1686,2030,9391,695,82835,98629,84,19,68
571,95,34234,2085,5273,3515,1921,10709,841,992,1275,1686,2030,8352,1146,51706,61369,81,19,325
572,96,34235,2246,4872,1612,1731,8215,841,992,1275,1686,2030,4064,367,78855,93684,79,20,40
573,97,34236,8215,4393,3094,3154,10641,841,992,1275,1686,2030,18731,437,111047,132283,67,18,702
574,98,34237,1759,3525,3295,1404,8223,841,992,1275,1686,2030,11796,491,54408,64587,80,21,269
575,99,34238,3472,8343,2873,2691,13907,841,992,1275,1686,2030,6623,784,108596,129522,76,21,26
576,100,34239,3806,4924,2243,1380,8547,841,992,1275,1686,2030,14465,653,93002,110086,81,18,387
577,101,34240,4595,5191,776,1507,7474,841,992,1275,1686,2030,14355,272,135244,160618,105,23,43
578,102,34241,3667,5099,831,1043,6972,841,992,1275,1686,2030,2198,339,104294,124323,100,23,42
579,103,34242,7151,3581,759,5033,9373,841,992,1275,1686,2030,2460,113,162833,193509,83,19,74
580,104,34243,2806,10622,3766,2274,16662,841,992,1275,1686,2030,18188,1285,78038,92703,81,20,97
581,105,34251,2998,2077,467,346,2890,841,992,1275,1686,2030,496,112,114291,137503,115,32,49
582,106,34266,1377,7529,3324,2268,13121,622,625,738,993,1106,6199,728,49686,56736,94,27,223
583,107,34268,851,49,16,9,74,622,625,738,993,1106,0,0,51698,58626,105,29,166
584,108,34269,2208,1764,293,905,2962,622,625,738,993,1106,1063,68,59845,68030,73,28,116
585,109,34275,4320,8220,1767,2540,12527,841,992,1275,1686,2030,6065,836,96196,114129,80,21,101
586,110,34285,3215,7924,2332,5047,15303,841,992,1275,1686,2030,11325,538,75087,89154,66,20,92
587,111,34286,2587,6227,1523,1107,8857,841,992,1275,1686,2030,947,523,75725,90004,104,28,97
588,112,34287,2048,9523,2747,3712,15982,841,992,1275,1686,2030,4611,824,65690,78036,79,28,72
589,113,34288,3008,3570,1456,1236,6262,841,992,1275,1686,2030,791,423,79800,94832,99,23,118
590,114,34289,3972,1085,431,362,1878,841,992,1275,1686,2030,778,168,79705,94726,92,24,107
0,0,34291,2871,2382,738,503,3624,841,992,1275,1686,2030,265,109,75445,89706,105,30,144
1,1,34292,3107,6706,1963,2028,10697,841,992,1275,1686,2030,9571,334,84943,101190,75,18,109
2,2,34293,2897,18400,4172,5608,28180,841,992,1275,1686,2030,8833,1546,82008,98992,78,22,33
3,3,34420,1415,5192,1937,1311,8439,692,757,939,1226,1356,3909,621,57093,63861,83,26,170
4,4,34428,1364,3438,982,1145,5566,659,679,895,1279,1550,4184,369,66431,73662,80,22,88
5,5,34429,1567,3189,804,1305,5299,659,679,895,1279,1550,3977,203,65772,72453,76,22,109
6,6,34432,1777,4790,1000,1075,6866,692,757,939,1226,1356,4210,444,56026,62644,78,29,60
7,7,34433,1202,2616,404,583,3603,659,679,895,1279,1550,235,201,67327,74587,87,31,71
8,8,34434,1208,3197,613,706,4517,659,679,895,1279,1550,581,443,54970,60799,86,27,34
9,9,34436,975,3225,526,890,4641,659,679,895,1279,1550,613,358,55160,61071,77,33,37
10,10,34442,1663,6432,1184,1972,9588,659,679,895,1279,1550,1766,484,64581,71354,78,28,35
11,11,34445,265,14,2,3,20,659,679,895,1279,1550,0,0,52050,57586,80,28,49
12,12,34446,1370,7035,1033,1549,9617,659,679,895,1279,1550,1387,587,52984,58684,77,28,25
13,13,34448,1383,3886,929,1502,6318,659,679,895,1279,1550,2237,363,51440,56887,79,26,32
14,14,34449,1246,1054,270,556,1881,553,557,734,1001,1149,463,134,42092,47167,72,31,17
15,15,34450,1236,4092,1104,1149,6346,659,679,895,1279,1550,3039,355,58616,65066,73,26,68
16,16,34452,1028,3961,982,782,5725,659,679,895,1279,1550,2986,274,48012,53126,79,26,50
17,17,34453,1197,3808,932,1250,5989,659,679,895,1279,1550,2633,310,53627,59345,80,25,55
18,18,34461,1538,4063,808,771,5642,659,679,895,1279,1550,3253,459,58541,64772,80,23,37
19,19,34465,1432,6401,1568,1272,9241,659,679,895,1279,1550,1251,823,52384,58084,76,22,25
20,20,34471,2161,6432,4257,1575,12264,692,757,939,1226,1356,19992,903,77926,87245,83,18,214
21,21,34472,1546,8479,2802,1869,13150,692,757,939,1226,1356,4288,1339,54626,61069,89,26,239
22,22,34473,1793,5829,1854,1384,9068,692,757,939,1226,1356,1715,704,62255,69732,96,29,54
23,23,34474,1921,4166,3347,1289,8801,692,757,939,1226,1356,29478,678,60946,68126,79,20,149
24,24,34475,1215,2379,1931,978,5288,692,757,939,1226,1356,7828,438,43636,48886,83,22,200
25,25,34476,1971,9342,1701,1541,12584,692,757,939,1226,1356,2715,646,65010,72816,80,23,71
26,26,34479,1473,4167,1114,641,5922,692,757,939,1226,1356,1836,379,57720,64593,86,23,187
27,27,34480,2237,5770,1911,1006,8687,692,757,939,1226,1356,3786,748,79300,88876,96,21,121
28,28,34481,1766,10776,1591,1795,14162,692,757,939,1226,1356,4727,262,58496,65363,66,28,59
29,29,34482,1990,6466,1895,1591,9952,692,757,939,1226,1356,6070,1170,61638,68811,82,24,322
30,30,34484,2183,1594,196,299,2090,716,718,946,1278,1283,2559,96,65433,77056,87,24,153
31,31,34488,1020,3591,893,1224,5708,692,757,939,1226,1356,1614,279,46628,52011,78,32,109
32,32,34491,1832,12759,2311,2737,17807,692,757,939,1226,1356,3834,681,60777,67864,77,27,69
33,33,34498,2142,196,39,133,367,553,557,734,1001,1149,65,31,48113,53934,71,40,18
34,34,34601,1611,7641,2738,2043,12422,989,1040,1271,1651,2028,9570,929,56713,62786,82,26,157
35,35,34602,1759,2912,545,477,3935,989,1040,1271,1651,2028,2519,271,68013,75029,93,37,134
36,36,34604,1778,3478,755,607,4840,989,1040,1271,1651,2028,2667,292,69839,76938,93,31,71
37,37,34606,1643,10028,2644,1904,14576,989,1040,1271,1651,2028,6317,719,52750,58186,78,30,121
38,38,34607,2699,3133,800,1207,5140,989,1040,1271,1651,2028,2075,163,67728,74798,80,29,158
39,39,34608,1754,10565,3265,1730,15560,989,1040,1271,1651,2028,3945,1455,53890,59437,85,27,99
40,40,34609,2215,14319,2931,2073,19323,989,1040,1271,1651,2028,7894,2189,66667,73577,93,29,79
41,41,34610,1726,4982,1074,723,6780,989,1040,1271,1651,2028,2003,920,64243,73059,96,37,38
42,42,34613,1577,8020,1082,1911,11012,989,1040,1271,1651,2028,6651,714,56770,62772,77,25,154
43,43,34614,1925,2806,515,710,4031,989,1040,1271,1651,2028,895,399,70010,77185,96,31,163
44,44,34637,4629,2136,406,543,3084,989,1040,1271,1651,2028,690,194,106177,119714,94,33,102
45,45,34638,4101,9008,2247,1049,12305,989,1040,1271,1651,2028,3045,796,107406,121425,113,36,68
46,46,34639,2969,9148,1871,880,11898,989,1040,1271,1651,2028,3045,902,93481,105490,108,34,81
47,47,34652,1761,8010,3894,3649,15553,989,1040,1271,1651,2028,10989,1008,59186,66846,77,28,70
48,48,34653,1387,9523,4581,2508,16611,989,1040,1271,1651,2028,8677,1315,52878,59669,77,26,72
49,49,34654,1831,7688,1873,1511,11072,989,1040,1271,1651,2028,5947,926,68050,77008,92,30,51
50,50,34655,2640,16571,3633,2401,22605,989,1040,1271,1651,2028,15062,934,83352,94950,90,31,53
51,51,34661,1016,83,15,20,118,989,1040,1271,1651,2028,37,31,63727,70050,87,29,112
52,52,34667,1590,13030,3838,4274,21142,989,1040,1271,1651,2028,8674,1466,54418,61381,76,28,73
53,53,34668,1236,13785,5744,4206,23735,989,1040,1271,1651,2028,11825,2144,46462,52414,80,26,69
54,54,34669,1726,5293,1229,1067,7588,989,1040,1271,1651,2028,2156,738,56419,63952,90,30,75
55,55,34677,3003,6765,2300,1198,10262,989,1040,1271,1651,2028,14493,1030,91074,105121,90,26,151
56,56,34679,1190,45,11,14,69,989,1040,1271,1651,2028,15,5,63981,72191,70,45,70
57,57,34681,5429,428,117,133,679,989,1040,1271,1651,2028,786,72,92734,107001,91,25,348
58,58,34683,3279,10681,3245,2268,16194,989,1040,1271,1651,2028,6429,959,91471,105480,89,25,131
59,59,34684,2447,9327,3795,1608,14730,989,1040,1271,1651,2028,11468,985,71682,82694,74,27,85
60,60,34685,3967,5854,1731,746,8332,989,1040,1271,1651,2028,3004,657,116718,134967,96,27,268
61,61,34688,4323,2536,405,449,3389,989,1040,1271,1651,2028,1093,407,124841,144523,102,28,160
62,62,34689,2733,8966,3424,2728,15118,989,1040,1271,1651,2028,11254,1421,76229,87910,83,28,203
63,63,34690,1122,4613,1712,1261,7586,989,1040,1271,1651,2028,2670,505,48193,54439,79,29,78
64,64,34691,1314,7350,2593,2842,12784,989,1040,1271,1651,2028,2691,1057,50072,56488,82,29,93
65,65,34695,3177,6317,1476,898,8692,989,1040,1271,1651,2028,5513,678,100265,115558,87,24,102
66,66,34698,2577,12984,5681,3787,22451,989,1040,1271,1651,2028,12964,1433,67266,77672,74,23,111
67,67,34705,1828,804,157,154,1115,1055,1140,1321,1713,2057,1252,148,70888,80761,100,29,154
68,68,34711,2811,19844,6044,3274,29162,1055,1140,1321,1713,2057,18518,3661,80003,91137,98,30,166
69,69,34714,2581,5043,3182,3476,11701,1055,1140,1321,1713,2057,3342,1495,69104,78409,90,31,226
70,70,34715,2909,6090,1754,1089,8933,1055,1140,1321,1713,2057,2774,1375,78960,89535,98,31,78
71,71,34731,1776,5389,1291,1069,7749,1055,1140,1321,1713,2057,1824,896,66916,77204,92,21,143
72,72,34734,3364,770,735,162,1666,1055,1140,1321,1713,2057,1289,243,76712,90095,102,26,248
73,73,34736,2690,6834,1753,1530,10117,1055,1140,1321,1713,2057,3573,1771,72276,82632,97,31,112
74,74,34737,3343,966,163,153,1282,1055,1140,1321,1713,2057,827,139,75632,85998,91,30,89
75,75,34739,1430,378,112,280,771,1055,1140,1321,1713,2057,166,88,67899,77253,92,30,453
76,76,34741,2086,7673,10999,4555,23228,1055,1140,1321,1713,2057,21320,5919,52031,58479,94,25,407
77,77,34743,2222,8233,3821,1466,13520,1055,1140,1321,1713,2057,3056,6221,53187,59820,110,28,227
78,78,34744,2568,13175,6547,3457,23180,1055,1140,1321,1713,2057,10564,6384,66978,75603,106,26,326
79,79,34746,3209,12714,6304,11810,30828,1055,1140,1321,1713,2057,14663,5780,65997,74001,107,25,425
80,80,34747,4550,6735,4556,29308,40599,1055,1140,1321,1713,2057,19853,2805,103830,115357,98,19,812
81,81,34748,1805,14912,5079,3897,23888,1055,1140,1321,1713,2057,17672,2548,57748,66064,73,20,237
82,82,34753,2151,1504,525,264,2294,1055,1140,1321,1713,2057,312,224,52077,59321,111,36,86
946,0,34756,3105,1124,215,180,1519,1055,1140,1321,1713,2057,393,450,95870,108969,99,30,106
83,83,34756,3105,1124,215,180,1519,1055,1140,1321,1713,2057,393,450,95870,108969,99,30,106
84,84,34758,2215,9223,3519,2886,15628,1055,1140,1321,1713,2057,4534,3694,59330,66780,118,33,387
947,1,34758,2215,9223,3519,2886,15628,1055,1140,1321,1713,2057,4534,3694,59330,66780,118,33,387
948,2,34759,2296,10659,3504,3780,17943,794,799,1023,1375,1764,2919,2303,57938,64290,103,37,203
85,85,34759,2296,10659,3504,3780,17943,794,799,1023,1375,1764,2919,2303,57938,64290,103,37,203
949,3,34760,2564,229,118,36,382,1055,1140,1321,1713,2057,309,247,85790,100638,102,28,1068
86,86,34760,2564,229,118,36,382,1055,1140,1321,1713,2057,309,247,85790,100638,102,28,1068
950,4,34761,2815,11977,4278,1329,17583,1055,1140,1321,1713,2057,16249,4448,91575,107005,110,28,492
87,87,34762,2257,269,54,101,424,1055,1140,1321,1713,2057,386,68,58093,65772,81,27,386
951,5,34762,2257,269,54,101,424,1055,1140,1321,1713,2057,386,68,58093,65772,81,27,386
88,88,34769,1862,6583,3440,1954,11977,1055,1140,1321,1713,2057,7513,4002,63687,72027,90,29,275
952,6,34769,1862,6583,3440,1954,11977,1055,1140,1321,1713,2057,7513,4002,63687,72027,90,29,275
953,7,34771,3104,6601,2088,1451,10140,1055,1140,1321,1713,2057,2617,2134,86684,97295,103,32,304
89,89,34771,3104,6601,2088,1451,10140,1055,1140,1321,1713,2057,2617,2134,86684,97295,103,32,304
90,90,34772,2814,8169,2896,1768,12833,1055,1140,1321,1713,2057,3195,2883,77883,87617,110,30,208
954,8,34772,2814,8169,2896,1768,12833,1055,1140,1321,1713,2057,3195,2883,77883,87617,110,30,208
91,91,34773,3744,1441,500,572,2513,1055,1140,1321,1713,2057,734,541,83314,93835,110,38,500
955,9,34773,3744,1441,500,572,2513,1055,1140,1321,1713,2057,734,541,83314,93835,110,38,500
956,10,34785,4609,17743,2613,4505,24862,716,718,946,1278,1283,8333,1345,81978,97253,92,25,77
92,92,34785,4609,17743,2613,4505,24862,716,718,946,1278,1283,8333,1345,81978,97253,92,25,77
957,11,34786,7189,10129,4595,2275,16998,1055,1140,1321,1713,2057,16570,2056,156888,178513,115,25,223
93,93,34786,7189,10129,4595,2275,16998,1055,1140,1321,1713,2057,16570,2056,156888,178513,115,25,223
94,94,34787,4076,21642,11395,4013,37050,1055,1140,1321,1713,2057,24589,5678,107205,124735,107,26,540
958,12,34787,4076,21642,11395,4013,37050,1055,1140,1321,1713,2057,24589,5678,107205,124735,107,26,540
959,13,34788,1594,7764,1405,1764,10934,1055,1140,1321,1713,2057,5063,1214,56248,63871,75,23,139
95,95,34788,1594,7764,1405,1764,10934,1055,1140,1321,1713,2057,5063,1214,56248,63871,75,23,139
96,96,34797,2553,524,57,124,705,1055,1140,1321,1713,2057,186,67,70736,80288,86,33,170
960,14,34797,2553,524,57,124,705,1055,1140,1321,1713,2057,186,67,70736,80288,86,33,170
961,15,34945,2615,1414,323,248,1985,926,932,1211,1618,1830,2802,158,73899,83371,96,20,210
97,97,34945,2615,1414,323,248,1985,926,932,1211,1618,1830,2802,158,73899,83371,96,20,210
962,16,34946,1433,1924,780,667,3371,926,932,1211,1618,1830,2427,383,46459,51919,92,22,286
98,98,34946,1433,1924,780,667,3371,926,932,1211,1618,1830,2427,383,46459,51919,92,22,286
963,17,34947,1468,2109,2502,739,5351,926,932,1211,1618,1830,5141,687,43871,49215,98,24,364
99,99,34947,1468,2109,2502,739,5351,926,932,1211,1618,1830,5141,687,43871,49215,98,24,364
100,100,34949,4682,3671,1160,3794,8625,926,932,1211,1618,1830,659,189,96366,108280,75,25,351
964,18,34949,4682,3671,1160,3794,8625,926,932,1211,1618,1830,659,189,96366,108280,75,25,351
965,19,34950,1391,2339,3303,1565,7207,926,932,1211,1618,1830,10453,887,40421,45171,94,27,445
966,20,34951,1977,6017,1159,1425,8601,926,932,1211,1618,1830,1429,635,54494,60933,82,24,334
101,101,34951,1977,6017,1159,1425,8601,926,932,1211,1618,1830,1429,635,54494,60933,82,24,334
102,102,34952,2660,15022,5811,4064,24897,926,932,1211,1618,1830,20207,1969,59979,66866,80,24,200
967,21,34952,2660,15022,5811,4064,24897,926,932,1211,1618,1830,20207,1969,59979,66866,80,24,200
103,103,34953,3471,19987,5136,3240,28363,926,932,1211,1618,1830,7160,3262,71052,79485,111,30,55
968,22,34953,3471,19987,5136,3240,28363,926,932,1211,1618,1830,7160,3262,71052,79485,111,30,55
969,23,34956,1340,1660,871,343,2874,926,932,1211,1618,1830,2778,713,58587,68256,133,33,89
104,104,34956,1340,1660,871,343,2874,926,932,1211,1618,1830,2778,713,58587,68256,133,33,89
105,105,34957,3554,9017,2827,6340,18185,926,932,1211,1618,1830,9772,819,80659,92673,77,22,122
970,24,34957,3554,9017,2827,6340,18185,926,932,1211,1618,1830,9772,819,80659,92673,77,22,122
106,106,34972,1297,4160,1995,1245,7401,645,649,836,1074,1186,4745,696,51838,58740,109,30,224
971,25,34972,1297,4160,1995,1245,7401,645,649,836,1074,1186,4745,696,51838,58740,109,30,224
107,107,34974,1363,7775,2295,4143,14213,673,675,785,976,1114,3895,566,58011,65187,88,25,175
972,26,34974,1363,7775,2295,4143,14213,673,675,785,976,1114,3895,566,58011,65187,88,25,175
108,108,34981,2666,957,777,241,1975,926,932,1211,1618,1830,3726,320,58229,65220,96,22,262
973,27,34981,2666,957,777,241,1975,926,932,1211,1618,1830,3726,320,58229,65220,96,22,262
109,109,34982,1925,8243,3115,1957,13316,926,932,1211,1618,1830,6456,950,52951,59120,90,21,296
974,28,34982,1925,8243,3115,1957,13316,926,932,1211,1618,1830,6456,950,52951,59120,90,21,296
110,110,34983,2896,12403,3374,1831,17609,926,932,1211,1618,1830,3784,1871,68896,77037,102,25,121
975,29,34983,2896,12403,3374,1831,17609,926,932,1211,1618,1830,3784,1871,68896,77037,102,25,121
111,111,34984,3672,5017,1069,898,6984,926,932,1211,1618,1830,2863,805,83195,93062,104,27,93
976,30,34984,3672,5017,1069,898,6984,926,932,1211,1618,1830,2863,805,83195,93062,104,27,93
977,31,34986,4312,9944,2865,2542,15351,926,932,1211,1618,1830,12238,367,72324,82326,86,30,78
112,112,34986,4312,9944,2865,2542,15351,926,932,1211,1618,1830,12238,367,72324,82326,86,30,78
978,32,34987,4875,4237,1290,1829,7356,926,932,1211,1618,1830,2392,303,98813,110440,96,27,117
113,113,34987,4875,4237,1290,1829,7356,926,932,1211,1618,1830,2392,303,98813,110440,96,27,117
979,33,34990,4491,11232,2039,1656,14926,926,932,1211,1618,1830,9001,934,120310,139546,101,25,56
114,114,34990,4491,11232,2039,1656,14926,926,932,1211,1618,1830,9001,934,120310,139546,101,25,56
980,34,34994,2309,4771,3346,2005,10122,926,932,1211,1618,1830,18995,898,70499,81708,78,23,139
115,115,34996,5157,5202,1267,2780,9249,926,932,1211,1618,1830,5411,163,115311,132782,78,21,140
981,35,34996,5157,5202,1267,2780,9249,926,932,1211,1618,1830,5411,163,115311,132782,78,21,140
116,116,34997,3067,14320,4256,2976,21551,926,932,1211,1618,1830,15421,1267,81555,95059,91,24,113
982,36,34997,3067,14320,4256,2976,21551,926,932,1211,1618,1830,15421,1267,81555,95059,91,24,113
